final_creditor_name;normalized
Aaltgen Douwesdr.;Aaltgen Douwesdr.
Aaltgen Jans;Aaltgen Jans
Aaltgen Luijten;Aaltgen Luijten
Abeltgen Jurriens;Abeltgen Jurriens
Abraham Antheunis;Abraham Antheunisz
Abraham Antheunisen;Abraham Antheunisz
Abraham Antheuniss;Abraham Antheunisz
Abraham Antheunissz;Abraham Antheunisz
Abraham Antheunisz;Abraham Antheunisz
Abraham Anthheunissz;Abraham Antheunisz
Abraham Anthonis;Abraham Antheunisz
Abraham Anthoniss;Abraham Antheunisz
Abraham Anthonissen;Abraham Antheunisz
Abraham Anthonisss;Abraham Antheunisz
Abraham Anthonissz;Abraham Antheunisz
Abraham Anthonisz;Abraham Antheunisz
Abraham Anthounissen;Abraham Antheunisz
Abraham Antonis;Abraham Antheunisz
Abraham Henne;Abraham Henne
Abraham Hennen;Abraham Henne
Abraham Janss;Abraham Jansz
Abraham Janssz;Abraham Jansz
Abraham Jansz Segens;Abraham Jansz
Abraham Minne;Abraham Minne
Abraham Pieterssz;Abraham Pietersz
Abraham Simenss;Abraham Simenss
Abraham Theuniss;Abraham Antheunisz
Abraham Theunisz;Abraham Antheunisz
Abraham van Looffelt;Abraham van Looffelt
Abraham Velthuijsen;Abraham Velthuijsen
Adam de la Fosse;Adam de la Fosse
Adam Henricxss Raven;Adam Henricxss Raven
Adam la Fosse;Adam de la Fosse
Adam Luursen van der Sturck;Adam Luursen van der Sturck
Adam Luurss van der Sturck;Adam Luursen van der Sturck
Adam Luurssz van der Sturck;Adam Luursen van der Sturck
Adam Luursz van der Sturck;Adam Luursen van der Sturck
Adam Michielss;Adam Michielsz
Adewich Harmensdr.;Adewich Harmensdr.
Adolf Willickhousen;Adolf Willickhousen
Adriaen Hots;Adriaen Hots
Adriaen Maersz;Adriaen Maersz
Adriaen Olffertsz;Adriaen Olphertsz
Adriaen Olphertssz;Adriaen Olphertsz
Adriaen Olphertsz;Adriaen Olphertsz
Adriaentgen Bastiaens;Adriaentgen Bastiaens
Adrian Aerthensz;Adriaen Olphertsz
Aechgen Dircxdr.;Aeltgen Dircx
Aechgen Jans;Aeltgen Jansdr.
Aeffgen Jansdr.;Aeltgen Jansdr.
Aeffgen Willems;Aeffgen Willems
Aeffie Jans;Aeltgen Jansdr.
Aeffien Arents;Aeffien Arents
Aeffien Wilelms;Aeffgen Willems
Aelmet Dircx;Aeltgen Dircx
Aeltge Hendricx;Aeltgen Hendricx
Aeltge Jans;Aeltgen Jansdr.
Aeltgen Alberts;
Aeltgen Carstens;
Aeltgen Cornelis;
Aeltgen Dircx;Aeltgen Dircx
Aeltgen Falcx;
Aeltgen Halliaer;
Aeltgen Hendricx;Aeltgen Hendricx
Aeltgen Hennes;
Aeltgen Henrics;Aeltgen Hendricx
Aeltgen Hermens;
Aeltgen Jans;Aeltgen Jansdr.
Aeltgen Jansdr.;Aeltgen Jansdr.
Aeltgen Janse;Aeltgen Jans
Aeltgen Jurriaens;Abeltgen Jurriens
Aeltgen Martens;
Aeltgen Quirijnen;
Aeltgen Sijmons;Aeltgen Symons
Aeltgen Symons;Aeltgen Symons
Aeltgen van Besten;
Aeltgen Wiggerts;
Aeltgen Willems;Aeltgen Willemsdr.
Aeltgen Willemsdr;Aeltgen Willemsdr.
Aeltgen Willemsdr.;Aeltgen Willemsdr.
Aeltgen Wouters;
Aeltien Jansdr.;Aeltgen Jansdr.
Aeltien Lourensdr.;
Aerent Frans van Minnen;Arent Fransz van Minnen
Aerent Fransz van Minnen;Arent Fransz van Minnen
Agnietje Jaspers;
Albert Albertss;
Albert Buell;Albert Buijl
Albert Buijl;Albert Buijl
Albert Buijll;Albert Buijl
Albert Henricxs;
Albert Jansz;
Albertje Lubberts;
Alecxander Grae;Alexander Gree
Alecxander Marchal;Alexander Marechal
Alexander Black;
Alexander Grae;Alexander Gree
Alexander Grav;Alexander Grae
Alexander Gree;Alexander Gree
Alexander Maerschal;Alexander Marechal
Alexander Marchal;Alexander Marechal
Alexander Marchel;Alexander Marechal
Alexander Marchial;Alexander Marechal
Alexander Marechal;Alexander Marechal
Alexander Sciant;
Alexandr Grae;Alexander Gree
Anderies Engel;Andries Engel
Anderies Engels;Andries Engel
Andries Barentssz;Andries Barentsz
Andries Barentsz;Andries Barentsz
Andries Barentsz de Vries;Andries Barentsz
Andries Beli;
Andries Claas;Andries Claesz
Andries Claass;Andries Claesz
Andries Claasz;Andries Claesz
Andries Claes;Andries Claesz
Andries Claesen;Andries Claesz
Andries Claess;Andries Claesz
Andries Claessen;Andries Claesz
Andries Claessz;Andries Claesz
Andries Claesz;Andries Claesz
Andries Classen;Andries Claesz
Andries Deen;
Andries Engel;Andries Engel
Andries Jans;Andries Jansz
Andries Janss;Andries Jansz
Andries Janss Salemaker;
Andries Janssz;Andries Jansz
Andries Jansz;Andries Jansz
Andries Linsen;Andries Linsingh
Andries Linsin;Andries Linsingh
Andries Linsingh;Andries Linsingh
Andries Linson;Andries Linsingh
Andries Mourisz;
Andries Pietersz;
Andries Thomasz;
Andries Thomasz/Annetgen Boyes;
Andries Tomasz/Annetgen Boeijes;
Andries Tomasz/Annetgen Boyes;
Andries Vaerdin;
Andries Willemsz;
Anna Andris;
Anna Carels;
Anna Claes;
Anna Claesdr.;
Anna Croetel;
Anna Gerrits;
Anna Goites;Anna Griffoens
Anna Griffoen;Anna Griffoens
Anna Griffoens;Anna Griffoens
Anna Jacobs;
Anna Jandr;Anna Jansdr.
Anna Jans;Anna Jansdr.
Anna Jans Santdr;Anna Jansdr.
Anna Jans Santsdr;Anna Jansdr.
Anna Jansdochter;Anna Jansdr.
Anna Jansdr;Anna Jansdr.
Anna Jansdr.;Anna Jansdr.
Anna Janssz;Anna Jansdr.
Anna Joghemsdr.;
Anna Jurians;
Anna Margrieta Jans;
Anna Thomas;
Anna Willems;Anna Willemsdr.
Anna Willemsdr;Anna Willemsdr.
Anna Willemsdr.;Anna Willemsdr.
Anne Jans;Anna Jansdr.
Anne Jans Santdr;Anna Jansdr.
Anne Jansdr;Anna Jansdr.
Anne Jansdr.;Anna Jansdr.
Anne Willemsdr;Anna Willemsdr.
Anne Willemsdr.;Anna Willemsdr.
Annecke Thibau;
Anneken Claes;
Anneken Lucas;
Anneken Sloots;
Annergen Barents;Annetgen Barentsdr.
Annetge Barentsdr.;Annetgen Barentsdr.
Annetge Boeijens;Annetgen Boeijensdr.
Annetge Boeijensdr;Annetgen Boeijensdr.
Annetge Boeijes;Annetgen Boeijensdr.
Annetge Boeijesdr;Annetgen Boeijensdr.
Annetge Boeijesdr.;Annetgen Boeijensdr.
Annetge Jansdr;Annetgen Jansdr.
Annetge Pieterdr;Annetge Pietersdr.
Annetge Pietersdr.;Annetge Pietersdr.
Annetge Reijnderts;Annetgen Reijnderts
Annetge Watgen;
Annetgen Andries;Annetgen Andriesdr.
Annetgen Andriesdr.;Annetgen Andriesdr.
Annetgen Barends;Annetgen Barentsdr.
Annetgen Barendts;Annetgen Barentsdr.
Annetgen Barents;Annetgen Barentsdr.
Annetgen Barentsdr;Annetgen Barentsdr.
Annetgen Barentsdr.;Annetgen Barentsdr.
Annetgen Barentsz;Annetgen Barentsdr.
Annetgen Boeijens;Annetgen Boeijensdr.
Annetgen Boeijensdr;Annetgen Boeijensdr.
Annetgen Boeijensdr.;Annetgen Boeijensdr.
Annetgen Boeijes;Annetgen Boeijensdr.
Annetgen Boeijesdr;Annetgen Boeijensdr.
Annetgen Boeijesdr.;Annetgen Boeijensdr.
Annetgen Boejens;Annetgen Boeijensdr.
Annetgen Boeyens;Annetgen Boeijensdr.
Annetgen Boeyes;Annetgen Boeijensdr.
Annetgen Boijens;Annetgen Boeijensdr.
Annetgen Coertsdr.;
Annetgen Corn.;
Annetgen Dircx;Aeltgen Dircx
Annetgen Gerritsdr.;Jannetgen Gerritsdr.
Annetgen Geurten;
Annetgen Harmensz;
Annetgen Hendrics;Annetgen Hendricx
Annetgen Henricx;Annetgen Hendricx
Annetgen Jans;Annetgen Jansdr.
Annetgen Jansdr;Annetgen Jansdr.
Annetgen Jansdr.;Annetgen Jansdr.
Annetgen Jansz;Annetgen Jansdr.
Annetgen Jochemsdr.;Annetgen Jochumsdr.
Annetgen Jochums;Annetgen Jochumsdr.
Annetgen Jochumsdr;Annetgen Jochumsdr.
Annetgen Jochumsdr.;Annetgen Jochumsdr.
Annetgen Jurgensdr.;Annetgen Jochumsdr.
Annetgen Kemp;
Annetgen Laurens;Annetgen Laurens
Annetgen Lourens;Annetgen Laurens
Annetgen Reijnders;Annetgen Reijnderts
Annetgen Reijndert;Annetgen Reijnderts
Annetgen Reijnderts;Annetgen Reijnderts
Annetgen Reijndertsdr;Annetgen Reijnderts
Annetgen Reijndertsdr.;Annetgen Reijnderts
Annetgen Reijndertss;Annetgen Reijnderts
Annetgen Reynders;Annetgen Reijnderts
Annetgen Reynderts;Annetgen Reijnderts
Annetgen Rijnderts;Annetgen Reijnderts
Annetgen Roeloffs;
Annetgen Sijbrants;
Annetgen Sijmons;
Annetgen Stevens;Annetgen Stevensdr.
Annetgen Stevensdr.;Annetgen Stevensdr.
Annetgen Thijmons;Annetgen Thijmonsdr.
Annetgen Thijmonsdr.;Annetgen Thijmonsdr.
Annetgen Wouters;
Annetgie Barentsdr.;Annetgen Barentsdr.
Annetie Jans;
Annetie Pieters;Annetge Pietersdr.
Annetien Boeijes;Annetgen Boeijensdr.
Annetien Boeyes;Annetgen Boeijensdr.
Annetien Jacobs;
Annetien Jans;Annetgen Jansdr.
Annetien Jeremias;
Annetien Rudolphs;
Annetje Andries;Annetgen Andriesdr.
Annetje Boeijes;Annetgen Boeijensdr.
Annetje Boejens;Annetgen Boeijensdr.
Annetje Gerrits;
Annetjen Boeijes;Annetgen Boeijensdr.
Annetjen Boejens;Annetgen Boeijensdr.
Annetjen Goverts;
Annetjen Jans;Annetgen Jansdr.
Annetjen Jurriaens;
Annitgen Barents;Annetgen Barentsdr.
Annitgen Gillis;
Annitie Boeijensdr;Annetgen Boeijensdr.
Annitie Boeijesdr;Annetgen Boeijensdr.
Annittie Boeijes;Annetgen Boeijensdr.
Annittie Boeijesdr;Annetgen Boeijensdr.
Annittie Willems;
Annttie Boeijesdr;Annetgen Boeijensdr.
Anthonie de le Fosse;
Anthonie Denijs;
Anthonij Billij;
Anthonij de le Fosse;
Anthonij Denijs;
Anthonij Janss;
Anthonij Koppers;
Anthonij Vijandt;
Anthony van Hoes;
Anthony van Sevender;
Arendt Franss;Arent Fransz van Minnen
Arendt Franss van Minne;Arent Fransz van Minnen
Arendt Fransz;Arent Fransz van Minnen
Arent Fanssz van Minnen;Arent Fransz van Minnen
Arent Frans;Arent Fransz van Minnen
Arent Frans van Minnen;Arent Fransz van Minnen
Arent Fransch van Minnen;Arent Fransz van Minnen
Arent Fransen;Arent Fransz van Minnen
Arent Fransen van Minnen;Arent Fransz van Minnen
Arent Franss;Arent Fransz van Minnen
Arent Franss van Minne;Arent Fransz van Minnen
Arent Franss van Minnen;Arent Fransz van Minnen
Arent Franssen;Arent Fransz van Minnen
Arent Franssen van Minnen;Arent Fransz van Minnen
Arent Franssz;Arent Fransz van Minnen
Arent Franssz van Minen;Arent Fransz van Minnen
Arent Franssz van Minnen;Arent Fransz van Minnen
Arent Fransz;Arent Fransz van Minnen
Arent Fransz van Minen;Arent Fransz van Minnen
Arent Fransz van Minne;Arent Fransz van Minnen
Arent Fransz van Minnen;Arent Fransz van Minnen
Arent Franszs van Minnen;Arent Fransz van Minnen
Arent Franzsz van Minnen;Arent Fransz van Minnen
Arent Henricxsz;Barent Henricxsz
Arent Janssz Bos;
Arent Jansz;Barent Jansz
Arent Jansz Pieck;
Ariaen Wygers;Ariaen Wygertsz
Ariaen Wygertsz;Ariaen Wygertsz
Aris Eertsen;
Arnoult Coerman;
Aucke Hessels;
Baerent Leefrinck;Barent Leefrinck
Balthus Dircxsz;
Balthus Hartele;Balthus Hartele
Baltus Dircxs;
Baltus Jaspersz;
Baltus van den Bos;
Barbara Thomas;
Barbara Visschers;
Barendt Hendricss;Barent Henricxsz
Barendt Henricss Veldthuis;Barendt Henricss Veldthuis
Barendt Leeffringh;Barent Leefrinck
Barendt Leefrinc;Barendt Leefrinck
Barendt Leefrinck;Barendt Leefrinck
Barendt Lefrinc;Barendt Leefrinck
Barendt Lefrinck;Barendt Leefrinck
Barendt Pieterss;
Barent Adriaensz;Barent Andriesen
Barent Andriesen;Barent Andriesen
Barent Arentss;Barent Andriesen
Barent Barents;Barent Barentsz
Barent Barentss;Barent Barentsz
Barent Barentsz;Barent Barentsz
Barent Caspersen;
Barent Coningh;
Barent Galliardon;
Barent Harmansz;
Barent Harmensz;Barent Barentsz
Barent Hendricxsz Velthuijs;Barendt Henricss Veldthuis
Barent Henricx;Barent Henricxsz
Barent Henricxss;Barent Henricxsz
Barent Henricxsz;Barent Henricxsz
Barent Henricxsz Velthuijs;Barendt Henricss Veldthuis
Barent Jansen;Barent Jansz
Barent Janss;Barent Jansz
Barent Janssz;Barent Jansz
Barent Jansz;Barent Jansz
Barent Jeronimus;
Barent Leeferinck;Barent Leefrinck
Barent Leeferingh;Barendt Leefrinck
Barent Leeffrick;Barendt Leefrinck
Barent Leeffrinck;Barendt Leefrinck
Barent Leeffring;Barendt Leefrinck
Barent Leeffringh;Barendt Leefrinck
Barent Leefrick;Barent Leefrinck
Barent Leefrinc;Barendt Leefrinck
Barent Leefrinck;Barendt Leefrinck
Barent Leefring;Barent Leefrinck
Barent Leefringh;Barendt Leefrinck
Barent Lefeeringh;Barendt Leefrinck
Barent Leferijnck;Barent Leefrinck
Barent Lefering;Barent Leefrinck
Barent Leffrinck;Barent Leefrinck
Barent Lefrinck;Barendt Leefrinck
Barent Ribberts;
Barent Theuniss;Barent Theunisz
Barent Theunisz;Barent Theunisz
Barent Wissinck;
Barrent Leefrinck;Barent Leefrinck
Bart Leefrinck;Barent Leefrinck
Bartel Schrijver;Bartel Schrijver
Bartel Schryver;Bartel Schrijver
Bartelt Heetfelt;Bartelt Heetvelt
Bartelt Heetvelt;Bartelt Heetvelt
Bartelt Schrijver;Bartel Schrijver
Bartelt Schryver;Bartel Schrijver
Barthel Pieterss Berck;Barthelt Pieterssz Berck
Bartheld Schrijver;Bartel Schrijver
Bartheldt Heetveld;Bartelt Heetvelt
Bartheldt Heetveldt;Bartelt Heetvelt
Bartheldt Schrijver;Bartel Schrijver
Barthelt Heetfelt;Bartelt Heetvelt
Barthelt Heettvelt;Bartelt Heetvelt
Barthelt Heetveldt;Bartelt Heetvelt
Barthelt Heetvelt;Bartelt Heetvelt
Barthelt Heetwelt;Bartelt Heetvelt
Barthelt Jacobsz;
Barthelt Pieterssz Berck;Barthelt Pieterssz Berck
Barthelt Schrijver;Bartel Schrijver
Barthelt Schryver;Bartel Schrijver
Bartholomeus Martinus;
Bastiaen Stevenssz/Henrickgen Jans;
Bathelt Heetveldt;Bartelt Heetvelt
Beeckje Hendricksz;
Beelitgen Otten;
Beertge Munnickhuijsen;Beertgen Munnickhuijsen
Beertgen Munnickhuijsen;Beertgen Munnickhuijsen
Beletien Thomas;
Belitgen Govertsdr;Belitgen Govertsdr.
Belitje Govers;Belitgen Govertsdr.
Belytgen Jansdr.;Belytgen Jansdr.
Betgen Jansdr.;Belytgen Jansdr.
Botho Christiaen;
Bouwen Jansz;
Brechjen Jacobs;Brechjien Jacobsdr.
Brechjien Jacobsdr.;Brechjien Jacobsdr.
Capser Sluijter;Casper Sluiter
Carel Andriesz;
Carel la Hange;
Carel Le Gust;
Carel van Peene;
Carsten Heijlcke;Carsten Hilke
Carsten Hilke;Carsten Hilke
Carsten Jans;Carsten Jansz
Carsten Jansen;Carsten Jansz
Carsten Janss;Carsten Jansz
Carsten Janssz;Carsten Jansz
Carsten Jansz;Carsten Jansz
Carsten Jansz/Gierte Martens;
Carsten Lourensz/Barbar Isaacxdr.;
Carsten Pietersen;Carsten Pietersz
Carsten Pieterss;Carsten Pietersz
Carsten Pietersz;Carsten Pietersz
Carten Janssz;Carsten Jansz
Casp Sluijter;Casper Sluiter
Caspar Jansz;Casper Jansz
Caspar Sluijter;Casper Sluiter
Caspar Sluijtter;Casper Sluiter
Casper Jansz;Casper Jansz
Casper Rodingh;
Casper Sluijter;Casper Sluiter
Casper Sluijters;Casper Sluijter
Casper Sluijtter;Casper Sluiter
Casper Sluiter;Casper Sluiter
Casper Sluitter;Casper Sluiter
Casper Sluyter;Casper Sluiter
Casper t Zcharningh;Casper Tsarninck
Casper Tcharningh;Casper Tsarninck
Casper Tsarninck;Casper Tsarninck
Casper Tzarning;Casper Tsarninck
Casper Tzarningh;Casper Tsarninck
Casper Tzarungh;
Casper t'Zcharningh;Casper Tsarninck
Caspr. Sluijter;Casper Sluiter
Catalijn d' Acree;Cathalina d' Accre
Catalijn d'Acre;Cathalina d' Accre
Catalijn d'Acree;Cathalina d' Accre
Catalina Dacree;Cathalina d' Accre
Catalina Sas;
Catalyn d Acree;Cathalina d' Accre
Catalyn d'Acre;Cathalina d' Accre
Cateleijn Dacree;Cathalina d' Accre
Cateleyn Dacree;Cathalina d' Accre
Catelijn Dacree;Cathalina d' Accre
Cathalijn d Acre;Cathalina d' Accre
Cathalijn d' Acree;Cathalina d' Accre
Cathalijn dâ€™ Acree;Cathalina d' Accre
Cathalijn dâ€™Acree;Cathalina d' Accre
Cathalijn Daccre;Cathalina d' Accre
Cathalijn Dacré;Cathalina d' Accre
Cathalijn Dacre;Cathalina d' Accre
Cathalijn d'Acre;Cathalina d' Accre
Cathalijn Dacree;Cathalina d' Accre
Cathalijn d'Acree;Cathalina d' Accre
Cathalijn Dacrer;Cathalina d' Accre
Cathalijn Dakre;Cathalina d' Accre
Cathalijn Jans;
Cathalijn Kar;
Cathalijn Wijnantsdr.;
Cathalijntgen Adamsdr.;
Cathalijntgen Thillij;
Cathalina d Accre;Cathalina d' Accre
Cathalina d' Accre;Cathalina d' Accre
Cathalina d' Acree;Cathalina d' Accre
Cathalina Daccra;Cathalina d' Accre
Cathalina Daccre;Cathalina d' Accre
Cathalina Daccree;Cathalina d' Accre
Cathalina Dacre;Cathalina d' Accre
Cathalina Dacreé;Cathalina d' Accre
Cathalina DacreÃ©;Cathalina d' Accre
Cathalina Dacree;Cathalina d' Accre
Cathalina d'Acree;Cathalina d' Accre
Cathalina Dacreel;Cathalina d' Accre
Cathalina Willems;
Cathalyn d' Acre;Cathalina d' Accre
Cathalyn d' Acree;Cathalina d' Accre
Cathalyn DacrÃ©;Cathalina d' Accre
Cathalyn Dacree;Cathalina d' Accre
Cathalyn d'Acree;Cathalina d' Accre
Cathalyntgen van Vijven;
Catharina Dacree;Cathalina d' Accre
Catharina Lueders;
Catharina Ulpere;
Catharina Verlet;
Cathelijn dâ€™ Acree;Cathalina d' Accre
Cathelijn d'Acré;Cathalina d' Accre
Cathelijn d'Acree;Cathalina d' Accre
Cathelijn Dakre;Cathalina d' Accre
Cathelijn Dakree;Cathalina d' Accre
Cathelyn de AcrÃ©;Cathalina d' Accre
Catholijn d' Ackere;Cathalina d' Accre
Catholijn d'Ackere;Cathalina d' Accre
Catholijn d'Acre;Cathalina d' Accre
Catholijn de Ackere;Cathalina d' Accre
Catolijn Dacre;Cathalina d' Accre
Cattelijn Dackree;Cathalina d' Accre
Cattelyn Dackree;Cathalina d' Accre
Charles Caree;Charles Carre
Charles Carré;Charles Carre
Charles CarrÃ©;Charles Carre
Charles Carre;Charles Carre
Charles Carree;Charles Carre
Charles Carret;Charles Carre
Charles Rean;Charles Reijni
Charles Reijni;Charles Reijni
Charles Tierlemon;
Chatalijn d Acre;Cathalina d' Accre
Chatalijn Dacre;Cathalina d' Accre
Chatalijn Davidts;
Chatalyn Dacre;Cathalina d' Accre
Chatalyn Dacree;Cathalina d' Accre
Chelia Jans;Chelia Jansdr.
Chelia Jansdr.;Chelia Jansdr.
Christiaen Andriesz;
Christiaen Arondeius;
Christiaen Harsmoer;
Christiaen Jansz de Graver;
Christiaen Massa;
Christoffel Gerritsz;
Christoffel Quade Jacob;
Claartge Arentsdr.;Claertgen Arentsdr.
Claertge Arentsdr;Claertgen Arentsdr.
Claertge Arentsdr.;Claertgen Arentsdr.
Claertgen Arents;Claertgen Arentsdr.
Claertgen Arentsdr;Claertgen Arentsdr.
Claertgen Arentsdr.;Claertgen Arentsdr.
Claertgien Arentsdr;Claertgen Arentsdr.
Claes Adriaensz Sparreboom;
Claes Arenstz;Claes Arenstz
Claes Arents;Claes Arentsz
Claes Arentssen;Claes Arenstz
Claes Arentssz;Claes Arentsz
Claes Arentsz;Claes Arentsz
Claes Balthuss;
Claes Balthusz;
Claes Bisschop;Niclaes Bisschop
Claes Claesz;
Claes Cornelissz van Diemen;
Claes Franss;
Claes Franss Cuijper;
Claes Fredericss;
Claes Gerritsz;
Claes Hanssz;
Claes Jans;
Claes Jansz;
Claes Meijer;Claes Meijer
Claes Nickess;
Claes Thijmonsz;
Claes van Medemblick;
Claes Willemsz Vetteman;
Claesgen Everts;
Claesje Michiels;
Clara Jans;
Cleasge Christiaensdr;
Coert Claesz/Annetgen Stevens;
Coert Coertsz;
Coert Jansz;
Coert Laersz;
Coert Slinghwater;
Coert Stresen;
Corn. Carelsz Reijli;
Cornelia Wachters;
Cornelis Adriaenss Hooft;
Cornelis Adriaensz Dor;
Cornelis Ariaensz;
Cornelis Barents;Cornelis Barentsz
Cornelis Barentsz;Cornelis Barentsz
Cornelis Barthelss;
Cornelis Broersz;
Cornelis Carelsen Reili;Cornelis Carelsen Reili
Cornelis Carelss Reili;Cornelis Carelsen Reili
Cornelis Carelsz Reijli;Cornelis Carelsen Reili
Cornelis Claesz;
Cornelis Cornelisz/Marritien Pieters;
Cornelis de Wilde;
Cornelis Dircxss Schaep;
Cornelis Eldertssz;Cornelis Entesz
Cornelis Entersz;Cornelis Entesz
Cornelis Entes;Cornelis Entesz
Cornelis Entessz;Cornelis Entesz
Cornelis Entesz;Cornelis Entesz
Cornelis Foppe;Cornelis Foppesz
Cornelis Foppen;Cornelis Foppesz
Cornelis Foppes;Cornelis Foppesz
Cornelis Foppessz;Cornelis Foppesz
Cornelis Foppesz;Cornelis Foppesz
Cornelis Fopphesz;Cornelis Foppesz
Cornelis Fopsz;Cornelis Foppesz
Cornelis Hose;
Cornelis Jacobsz;Cornelis Jansz
Cornelis Jan Foppss;Cornelis Foppesz
Cornelis Jan Fopsz;Cornelis Foppesz
Cornelis Janss;Cornelis Jansz
Cornelis Janss ten Houte;
Cornelis Janssz;Cornelis Jansz
Cornelis Jansz;Cornelis Jansz
Cornelis Jansz van Bergen;
Cornelis Jansz/Aeltien Jansdr.;
Cornelis Jansz/Geesgen Henricx;
Cornelis Jansz/Jurrien Hasebroeck/Henrick Remmersz;
Cornelis Lauwertsz;
Cornelis Pieters;Cornelis Pietersz
Cornelis Pieterssz;Cornelis Pietersz
Cornelis Pieterssz Coster;Cornelis Pietersz
Cornelis Reijli;Cornelis Reijli
Cornelis Reijlie;Cornelis Reijli
Cornelis Reijlij;Cornelis Reijli
Cornelis Reili;Cornelis Reijli
Cornelis Roeliffssz;Cornelis Roelofsz
Cornelis Roeloffs;Cornelis Roelofsz
Cornelis Roeloffsz;Cornelis Roelofsz
Cornelis Roelofs;Cornelis Roelofsz
Cornelis Roelofsz;Cornelis Roelofsz
Cornelis Sieuwerts;Cornelis Siewertsz
Cornelis Sieuwertss;Cornelis Siewertsz
Cornelis Sieuwertsz;Cornelis Siewertsz
Cornelis Siewertsz;Cornelis Siewertsz
Cornelis Sijvertss;Cornelis Siewertsz
Cornelis Sijwertss;Cornelis Siewertsz
Cornelis Sladius;
Cornelis Teuwes;
Cornelis van Vlosewijck;
Cornelis Willems;Cornelis Willemsz
Cornelis Willemsz;Cornelis Willemsz
Cornelius Sladius;
Cornelus Foppessz;Cornelis Foppesz
Cornelus Foppesz;Cornelis Foppesz
Court Strese;
Cunira Jans;
Danieel Keef;Daniel Keeff
Daniel Backer;
Daniel Ceef;Daniel Keef
Daniel Ceefe;Daniel Keeff
Daniel Ceeff;Daniel Keef
Daniel Darmuth;Daniel Deermont
Daniel Deermet;Daniel Deermont
Daniel Deermont;Daniel Deermont
Daniel Grootjan;
Daniel Keef;Daniel Keef
Daniel Keeff;Daniel Keef
Daniel Keeff/Margriet Daniels;
Daniel Marfi;
Daniel Stuart;Daniel Stuart
Daniel Stuwart;Daniel Stuart
Daniell Keeff;Daniel Keeff
David Bruijs;David Bruijs
David Bruis;David Bruijs
David Corvits;Davit Corwits
David Jansz Wilgenhoff;
Davidt Bruijs;David Bruijs
Davidt Correvids;Davit Corwits
Davidt Jacobsz;
Davit Bruijs;David Bruijs
Davit Corwidts;Davit Corwits
Davit Corwiets;Davit Corwits
Davit Corwits;Davit Corwits
Delia Daniels;
Demangie de Diere;
Denijs Andries;Denijs Andries
Denys Andries;Denijs Andries
Dick Dircxss Comen;
Dick Dircxsz;
Didloff Barwits;Didloff Barwits
Didloff Didloffs Seecke;Didloff Didloffsz
Didloff Didloffssz;Didloff Didloffsz
Didtloff Barwijck;Didloff Barwits
Diedtloff Dietloffz;Didloff Didloffsz
Dietloff Barwijck;Didloff Barwits
Dietloff Dietloffsz;Didloff Didloffsz
Dietloff Dietloffz;Didloff Didloffsz
Dieuwer Jacobsdr.;
Dieuwertgen Hendericx;
Dieuwertgen Pieters;
Dionis Eswiller;
Dirc Janss van der Molen;
Dirc van Eps;Dirck van Eps
Dirck Aertsz;
Dirck Claessz;
Dirck Corneliss;
Dirck Cornelissz;
Dirck de Lange;
Dirck Dircxsz;
Dirck Duijsent de Wilde;
Dirck Evertssz;
Dirck Gerritsz Jongevelt;
Dirck Henricxs;Dirck Henricxsz
Dirck Henricxss;Dirck Henricxsz
Dirck Henricxsz;Dirck Henricxsz
Dirck Jacobsz;
Dirck Jans;Dirck Jansz
Dirck Janssen;Dirck Janssz
Dirck Janssz;Dirck Jansz
Dirck Jansz;Dirck Jansz
Dirck Rieuwertsz;
Dirck van Eps;Dirck van Eps
Dirck Willemsz Crychsman;
Dircx van Eps;Dirck van Eps
Doede Halle;Doede Halle
Doede Hallen;Doede Halle
Doetgen Isbrands;
Dorithea Jonas;
Dorothea Joosten;Dorothea Joostesdr.
Dorothea Joostesdr.;Dorothea Joostesdr.
Eduaert Richertsz;Eduaert Richertsz
Eduardt Richardss;Eduaert Richertsz
Eduardt Richardtss;Eduaert Richertsz
Eduardt Ritchardss;Eduaert Richertsz
Eduardt Ritchardtss;Eduaert Richertsz
Eduardt Ritchartss;Eduaert Richertsz
Eduart Bort;
Eduart Bosbe;Eduart Bosbij
Eduart Bosbij;Eduart Bosbij
Eduart Forster;
Eduart Richartsz;Eduaert Richertsz
Eduart Richertsz;Eduaert Richertsz
Eduart Ritchardss;Eduaert Richertsz
Eduart Ritchers;Eduaert Richertsz
Eduart Ritcherts;Eduaert Richertsz
Eduart Ritchertss;Eduaert Richertsz
Eduart Ritchertsz;Eduaert Richertsz
Eduart Schees;
Eduwaert Rutgersz;Eduaert Richertsz
Eduwart Ritchertsz;Eduaert Richertsz
Eduwart Ritserts;Eduaert Richertsz
Eechtgen Fredricx;
Effgen Becx;
Egbert Fredericx Roest;
Egbert Janss;Egbert Jansz
Egbert Janssz;Egbert Jansz
Egbert Jansz;Egbert Jansz
Eijcke Esselssz;
Elburgh Henricxdr;
Eldert Eldertss;Eldert Eldertsz
Eldert Eldertssen;Eldert Eldertsz
Eldert Eldertssz;Eldert Eldertsz
Eldert Eldertsz;Eldert Eldertsz
Elias Barentsz;
Elias Roose;Elias Rose
Elias Rose;Elias Rose
Elina Mos;
Elisabet Rotgans;
Ellert Ellertssz;Eldert Eldertsz
Ellert Ellertsz;Eldert Eldertsz
Ellert Hoes;
Ellert Jansz;
Ellert Swart;
Ellin Todi;
Ellitien Hilbrants;
Elsge Franss;Elsgen Franssen
Elsge Gerrits;Elsgen Gerritsdr.
Elsge Jans;Elsgen Jansdr.
Elsgen Frans;Elsgen Franssen
Elsgen Franss;Elsgen Franssen
Elsgen Franssen;Elsgen Franssen
Elsgen Fransz;Elsgen Franssen
Elsgen Gerrits;Elsgen Gerritsdr.
Elsgen Gerritsdr.;Elsgen Gerritsdr.
Elsgen Jans;Elsgen Jansdr.
Elsgen Jansdr.;Elsgen Jansdr.
Elsgen Martens;
Elsgen Pieters;
Elsien Franschen;Elsgen Franssen
Elsien Jansdr;Elsgen Jansdr.
Elsien Jansdr.;Elsgen Jansdr.
Elsjen Franschen;Elsgen Franssen
Elsjen Jans;Elsgen Jansdr.
Engeltgen Claesdr.;
Erasmus Corneliss;
Erasmus Jansz;Erasmus Jansz
Erasmus Roeloffss;
Erick Ottinck;
Ernst Janss;Ernst Jansz
Ernst Jansz;Ernst Jansz
Esias Dircxsz van der Kamp;
Estiene Jacquier;
Estienne Jacquier;
Eva Ockens;
Evert Bruijns;Evert Bruijnsz
Evert Bruijnssz;Evert Bruijnsz
Evert Bruijnsz;Evert Bruijnsz
Evert Gerretsz;
Evert Jonge;Evert Jonge
Evert Jonger;Evert Jonge
Evert Jonges;Evert Jonger
Evert Sommerland;
Femmetgen Hommes;
Femmetgen Jans;
Femmetgen Vogets;
Fijtgen Claesdr.;
Fijtgen Gerrits;
Fijtgen Jans;
Fijtgen Pieters;
Flips Dassonviel;
Floris Jacobssz;
Focke Heijes;
Folckge Barents;Folckge Barentsdr.
Folckge Barentsdr;Volckgen Barents
Folckge Barentsdr.;Folckge Barentsdr.
Franchijntgen Willems;Francijntgen Willemsdr.
Franchijntgen Willemsdr;Francijntgen Willemsdr.
Franchijntgen Willemsdr.;Francijntgen Willemsdr.
Franchois Crockzel;
Franchyntgen Willemsdr.;Francijntgen Willemsdr.
Francijntgen Willems;Francijntgen Willemsdr.
Francijntgen Willemsdr;Francijntgen Willemsdr.
Francijntgen Willemsdr.;Francijntgen Willemsdr.
Francijntien Willems;Francijntgen Willemsdr.
Francijntjen Willems;Francijntgen Willemsdr.
Francis Patijn;Francoijs Patijn
Francoijs Patijn;Francoijs Patijn
Francyntgen Willems;Francijntgen Willemsdr.
Frans Andriesz;
Frans Bloem;
Frans Dircxsz;
Frans Pauls;
Frans Stockvliet;
Frans Volckertssz;
Fransgen Lamberts;
Frederick Dircksz;
Frederick Fredericxsz;
Frederick Jansen;Frederick Jansz
Frederick Jansz;Frederick Jansz
Frederijck Fredericxss/Egbert Fredericxss Roest;
Fredrick Fredricxs;
Fredrick Fredricxsz;
Fredrick Gerritsz;
Frerick Frericxsz;
Fycken Pieters;
Gabriel Carpentier;
Gabriel Faxen;
Geertge Willemsdr;Geertgen Willemsdr.
Geertge Willemsdr.;Geertgen Willemsdr.
Geertgen Caspers;
Geertgen Hendricx dr;Geertgen Hendricxdr.
Geertgen Hendricxdr.;Geertgen Hendricxdr.
Geertgen Henricxdr.;Geertgen Hendricxdr.
Geertgen Willems;Geertgen Willemsdr.
Geertgen WIllems;Geertgen Willemsdr.
Geertgen Willemsdr;Geertgen Willemsdr.
Geertgen Willemsdr.;Geertgen Willemsdr.
Geertie Sijbrants;Geertie Sybrants
Geertie Sybrants;Geertie Sybrants
Geertie Willems;Geertgen Willemsdr.
Geertruijt Christiaensdr.;
Geertruijt Jans;
Geertruijt Pieters;
Geesge Meijnertsdr.;
Geesge Willems;Geesgen Willems
Geesgen Hendrix;Geesgen Henricx
Geesgen Henricx;Geesgen Henricx
Geesgen Ides;
Geesgen Willems;Geesgen Willems
Geesien Willems;Geesgen Willems
Gerberich Jacobs;
Gerbrand Claesz;
Gerbrand Rienx de Coningh;Gerbrandt Riencx de Coningh
Gerbrandt Riencx de Coningh;Gerbrandt Riencx de Coningh
Gerbrant Riencx;
Gerbrant Rienx de Coningh;Gerbrand Rienx de Coningh
Gerret Bartholomeuss;
Gerret Frericxss;
Gerret Henricxss;
Gerret Jansz Roobol;
Gerrit Adriaenss;
Gerrit Adriaensz;Gerrit Andriesz
Gerrit Adriaensz van t Hoff;Gerrit Adriaensz van 't Hoff
Gerrit Adriaensz vant Hoff;Gerrit Adriaensz van 't Hoff
Gerrit Andries;Gerrit Andriesz
Gerrit Andriess;Gerrit Andriesz
Gerrit Andriessz;Gerrit Andriesz
Gerrit Andriesz;Gerrit Andriesz
Gerrit Barents;Gerrit Barentsz
Gerrit Barentss;Gerrit Barentsz
Gerrit Bartholomeusz;
Gerrit Bicker;Gerrit Bicker
Gerrit Bickker;Gerrit Bicker
Gerrit Carstens;Gerrit Carstensz
Gerrit Carstensz;Gerrit Carstensz
Gerrit Claesen;Gerrit Claesz
Gerrit Claessz;Gerrit Claesz
Gerrit Claesz;Gerrit Claesz
Gerrit Cornelisz;
Gerrit de Goeije;
Gerrit Dircxs;Gerrit Dircxsz
Gerrit Dircxss;Gerrit Dircxsz
Gerrit Dircxsz;Gerrit Dircxsz
Gerrit Evertsz;
Gerrit Evertsz/Coert Ratis;
Gerrit Gerrits;Gerrit Gerritsz
Gerrit Gerritss;Gerrit Gerritsz
Gerrit Gerritssz;Gerrit Gerritsz
Gerrit Gerritsz;Gerrit Gerritsz
Gerrit Gerritsz Roelevinck;
Gerrit Gerritsz Stam;
Gerrit Gerrtisz;Gerrit Gerritsz
Gerrit Hanssz;
Gerrit Harmensz;Gerrit Barentsz
Gerrit Hendricxsz;
Gerrit Hendricxsz Wosterholt;
Gerrit Henricxsz;
Gerrit Henricxsz Coster;
Gerrit Hoijer;
Gerrit Horst;
Gerrit Leendertsz;
Gerrit Philipssz;
Gerrit Pieters;Gerrit Pietersz
Gerrit Pieterss;Gerrit Pietersz
Gerrit Pieterssz;Gerrit Pietersz
Gerrit Pietersz;Gerrit Pietersz
Gerrit Prs.;Gerrit Pietersz
Gerrit Reijnderts;
Gerrit Roeloffsz;
Gerritgen Jan Locken;
Gerritt Harmens;
Giertge Jansdr.;Grietgen Jansdr.
Giertge Meijndertsz;
Giertgen Adams;Grietgen Adamsdr.
Giertgen Harckesdr.;
Giertgen Henricxsdr;Grietgen Henricxdr.
Giertgen Lourens;
Giertgen Sijmons;
Giertie Claes;
Giertie Sybrants;Geertie Sybrants
Gijsbert Jansz;
Gilles Boeije de Graes;
Gilles Jansz van Spelevelt;
Gillis Coenraetsz;
Gillis Janssz Spelevelt;
Gillis van Schendel;
Gillis Verbruggen & Comp.;
Glaude Coche;
Goosen Wolbinck;
Goossen van Rellenga;
Griet Jans;Griet Jansdr.
Griet Jansdr.;Griet Jansdr.
Griete Claes;Grietgen Claesdr.
Griete Jeuriaensdr.;
Grietge Henricx;Grietgen Henricxdr.
Grietge Henricxdr.;Grietgen Henricxdr.
Grietge Teunis;Grietgen Theunis
Grietgen Adams;Grietgen Adamsdr.
Grietgen Adamsdr.;Grietgen Adamsdr.
Grietgen Andries;
Grietgen Carstens;
Grietgen Claes;Grietgen Claesdr.
Grietgen Claesdr.;Grietgen Claesdr.
Grietgen Dircks;Grietgen Dircxdr.
Grietgen Dircx;Grietgen Dircxdr.
Grietgen Dircxdr;Grietgen Dircxdr.
Grietgen Dircxdr.;Grietgen Dircxdr.
Grietgen Engelsdr.;
Grietgen Heijndricxdr.;Grietgen Henricxdr.
Grietgen Hendricksdr;Grietgen Henricxdr.
Grietgen Hendricksdr.;Grietgen Henricxdr.
Grietgen Hendricx;Grietgen Henricxdr.
Grietgen Henricks;Grietgen Henricxdr.
Grietgen Henrickss;Grietgen Henricxdr.
Grietgen Henricx;Grietgen Henricxdr.
Grietgen Henricxdr;Grietgen Henricxdr.
Grietgen Henricxdr.;Grietgen Henricxdr.
Grietgen Henricxsdr;Grietgen Henricxdr.
Grietgen Henricxsz;Grietgen Henricxdr.
Grietgen Idens;Grietgen Idens
Grietgen Jacobs;Grietgen Jacobsdr.
Grietgen Jacobsdr.;Grietgen Jacobsdr.
Grietgen Jans;Grietgen Jansdr.
Grietgen Jansdr.;Grietgen Jansdr.
Grietgen Jillis;
Grietgen Otthen;Grietgen Otthen
Grietgen Pietersdr.;Marritgen Pietersdr.
Grietgen Schreurs;
Grietgen Sijmons;
Grietgen Teunis;Grietgen Theunis
Grietgen Theunis;Grietgen Theunis
Grietgen Theunis Rentingh;
Grietgen Volckerts;Grietgen Volckertsdr.
Grietgen Volckertsdr.;Grietgen Volckertsdr.
Grietgen Ydes;Grietgen Idens
Grietie Frans;
Grietie Jansdr;Grietgen Jansdr.
Grietie Jansdr.;Grietgen Jansdr.
Grietie Otte;Grietgen Otthen
Grietien Idens;Grietgen Idens
Grietje Pieters;
Griettie Claes;
Griffin Davits;
Guiljam Possemier;
Guilliaem Baere;
Guilliaem de la Piere;
Guilliaem van Host;
Guilliam van der Steen;
Guliam Petit;
Gysbert Adriaensz de Keyser;
Haermen Abrahamsz Costerius;Harmen Abrahamsz Costerius
Haijcke Eskels;
Hans Barthelts;
Hans Boijenss;
Hans Claessen;
Hans Horst;Hans Horst
Hans Laurentsz;
Hans Luder;
Hans Mathijsssz;
Hans Mathijsz Lembeeck;
Hans Pieterssz;Hans Pietersz
Hans Pietersz;Hans Pietersz
Hans Purck;
Hans Roopstorp;
Hans Schrijver;
Hans Sijbrantsz/Reijnier Loo;
Hans Thijssen;
Hans Thobyass;
Hans van Houtten;
Hans van Solt;
Haremn Abrahamsz Costerius;Harmen Abrahamsz Costerius
Harm Abrahamsz Costerius;Harmen Abrahamsz Costerius
Harman Abrahamssen Costeriuis;Harmen Abrahamsz Costerius
Harman Abrahamsz Costerius;Harmen Abrahamsz Costerius
Harman Costerius;Harmen Abrahamsz Costerius
Harmanus Costerius;Harmen Abrahamsz Costerius
Harme Abrahamss Costerius;Harmen Abrahamsz Costerius
Harme Abrahamsz Costerius;Harmen Abrahamsz Costerius
Harme Hendrickss;Harmen Henricxsz
Harme Kelderman;Harmen Kelderman
Harmen Abraham Costerius;Harmen Abrahamsz Costerius
Harmen Abrahams Costerius;Harmen Abrahamsz Costerius
Harmen Abrahamsen Cossterius;Harmen Abrahamsz Costerius
Harmen Abrahamsen Costeriuis;Harmen Abrahamsz Costerius
Harmen Abrahamsen Costerius;Harmen Abrahamsz Costerius
Harmen Abrahamss Costerius;Harmen Abrahamsz Costerius
Harmen Abrahamssen Costeriuis;Harmen Abrahamsz Costerius
Harmen Abrahamssen Costerius;Harmen Abrahamsz Costerius
Harmen Abrahamsssz Costerius;Harmen Abrahamsz Costerius
Harmen Abrahamssz Costerijus;Harmen Abrahamsz Costerius
Harmen Abrahamssz Costerius;Harmen Abrahamsz Costerius
Harmen Abrahamsz;Harmen Abrahamsz Costerius
Harmen Abrahamsz Costerijus;Harmen Abrahamsz Costerius
Harmen Abrahamsz Costerius;Harmen Abrahamsz Costerius
Harmen Abramhams Costerius;Harmen Abrahamsz Costerius
Harmen Abramsen Costerius;Harmen Abrahamsz Costerius
Harmen Abramsz Costerius;Harmen Abrahamsz Costerius
Harmen Abrhams Costerius;Harmen Abrahamsz Costerius
Harmen Abrhamsen Costerius;Harmen Abrahamsz Costerius
Harmen Abrhamsz Costerius;Harmen Abrahamsz Costerius
Harmen Abrtahamsz Costerius;Harmen Abrahamsz Costerius
Harmen Costerius;Harmen Abrahamsz Costerius
Harmen Dircksz Joncker;
Harmen Everts;Harmen Evertsz
Harmen Evertsen;Harmen Evertsz
Harmen Evertss;Harmen Evertsz
Harmen Evertssen;Harmen Evertsz
Harmen Evertssz;Harmen Evertsz
Harmen Evertsz;Harmen Evertsz
Harmen Heindricss;Harmen Henricxsz
Harmen Hendricksz;Harmen Henricxsz
Harmen Hendricx;Harmen Henricxsz
Harmen Hendricxsz;Harmen Henricxsz
Harmen Henricxsz;Harmen Henricxsz
Harmen Ibbess;Harmen IJbbess
Harmen IJbbess;Harmen IJbbess
Harmen Jansz;
Harmen Kelderman;Harmen Kelderman
Harmen Lindeman;
Harmen Mayndertsz;Harmen Meyndertsz
Harmen Meijndersen;Harmen Meyndertsz
Harmen Meijndertssen;Harmen Meijndertsz
Harmen Meijndertssz;Harmen Meyndertsz
Harmen Meijndertsz;Harmen Meijndertsz
Harmen Meyndertssz;Harmen Meyndertsz
Harmen Meyndertsz;Harmen Meyndertsz
Harmen Roeloffsz;
Harmen Sonnebergh;
Harmen van der Galen;
Harmen Vos/Roeloff Vos;
Harmen Wagenaer;
Harmpgen Henricxdr.;
Hartger Janss;
Hector Havic;Hector Havick
Hector Havick;Hector Havick
Heijltgen Jurriaens;
Heijndrickjen Arents;
Heltgen Jeuriaensdr.;
Hend Maghnus;Henric Magnus
Hend Mangnus;Henric Magnus
Hend. Janssz;Hend. Jansz
Hend. Jansz;Hend. Jansz
Hend. Maghnus;Hendrik Magnus
Hend. Magnus;Hendrik Magnus
Hend. Manghnus;Hendrik Magnus
Hend. Robbertsz Santdrager;
Henderick de Raeth;
Henderick Otten;Henrick Otten
Hendr Jansz;Henrick Jansz
Hendr. Janssz;Hend. Jansz
Hendric Janss;Hend. Jansz
Hendrick Aelbertsz;
Hendrick Ameshoff;
Hendrick Broen;
Hendrick Christiaensz;Henrick Christiaensz
Hendrick Claess Swart;
Hendrick Claesz;Henrick Claesz
Hendrick Dats;Henric Dats
Hendrick Davidssz;
Hendrick Dots;
Hendrick Evertsz;
Hendrick Gijsbertsz;Hendrick Gijsbertsz
Hendrick Gysbertsz;Henric Gysbertsz
Hendrick Hendricksz Loen;Henrick Henricksz Loen
Hendrick Jans;Hendrick Jansz
Hendrick Jansen;Hendrick Jansz
Hendrick Janss;Hendrick Jansz
Hendrick Janssen;Henrick Jansz
Hendrick Janssz;Hendrick Jansz
Hendrick Jansz;Hendrick Jansz
Hendrick Kelderknecht;
Hendrick Kroon;
Hendrick Louressz;
Hendrick Maghnus;Hendrik Magnus
Hendrick Magnus;Hendrik Magnus
Hendrick Manghnus;Hendrik Magnus
Hendrick Manghus;Hendrik Magnus
Hendrick Mangnus;Hendrik Magnus
Hendrick Otten;Henrick Otten
Hendrick Pieterssz;
Hendrick Robbertsz Santdrager;
Hendrick Theunisz;
Hendrick Thomasz;Henrick Thomasz
Hendrickge Lamberts;
Hendrickge Taeckis;
Henr. Garlan;Henrick Garlan
Henrcik Magnus;Henric Magnus
Henric Croonen;
Henric Dats;Henric Dats
Henric Gerland;Henrick Garlan
Henric Gijsberts;Henric Gysbertsz
Henric Gijsbertsz;Hendrick Gijsbertsz
Henric Gysberts;Henric Gysbertsz
Henric Gysbertsz;Henric Gysbertsz
Henric Henricsz;
Henric Jans;Henric Jansz
Henric Janss;Henric Jansz
Henric Janssen;Henrick Jansz
Henric Jansz;Henric Jansz
Henric Kramer;
Henric Magnus;Hendrik Magnus
Henric Mangnus;Hendrik Magnus
Henric Robbertss;
Henric Sommer;
Henric van Loo;
Henrich Haijen;
Henrich Harmens;Henrick Harmensz
Henrich Jansz;Henrick Jansz
Henrich Magnus;Henric Magnus
Henrick Brant;
Henrick Carstenssz;Henrick Carstensz
Henrick Carstensz;Henrick Carstensz
Henrick Christiaensen;Henrick Christiaensz
Henrick Christiaenss;Henrick Christiaensz
Henrick Claess;Henrick Claesz
Henrick Claesz;Henrick Claesz
Henrick Dats;Henric Dats
Henrick de Weer;
Henrick Dots;Henric Dats
Henrick Fredricxsz;
Henrick Garlan;Henrick Garlan
Henrick Gerritsz/Jan Jansz;
Henrick Hamel;
Henrick Harmanssz;Henrick Harmensz
Henrick Harmenss;Henrick Harmensz
Henrick Harmensz van Amerbeeck;
Henrick Henricksz Loen;Henrick Henricksz Loen
Henrick Henricxsz;
Henrick Jacobsz/Tryntien Henricxdr.;
Henrick Jans;Henric Jansz
Henrick Jansen;Henric Jansz
Henrick Janss;Henric Jansz
Henrick Janss Bocxemaker;Henrick Jansz
Henrick Janssen;Henrick Jansz
Henrick Jansss;Henric Jansz
Henrick Janssz;Henric Jansz
Henrick Janssz Bocxemaker;Henrick Jansz
Henrick Jansz;Henric Jansz
Henrick Jochumss;Henrick Jochumsz
Henrick Jochumssen;Henrick Jochumsz
Henrick Jochumssz;Henrick Jochumsz
Henrick Jochumsz;Henrick Jochumsz
Henrick Lourensz;
Henrick Louresz;
Henrick Magnus;Hendrik Magnus
Henrick Manghnus;Henric Magnus
Henrick Mangnus;Henric Magnus
Henrick Nicolaesz;
Henrick Otten;Henrick Otten
Henrick Pantel;
Henrick Remmen;
Henrick Robbertssz Sandtdrager;
Henrick Thomas;Henrick Thomasz
Henrick Thomasz;Henrick Thomasz
Henrick Westerman;
Henrickgen Barents;
Henrickgen Claes;Henrick Claesz
Hens Hutten;Jems Hutton
Heric Magnus;Henric Magnus
Herman Abrah Costerius;Harmen Abrahamsz Costerius
Herman Abrahamss Costerius;Herman Abrahamsz Costerius
Herman Abrahamssen Costerius;Harmen Abrahamsz Costerius
Herman Abrahamsz Costerius;Herman Abrahamsz Costerius
Herman Kelderman;Harmen Kelderman
Hermanus Abrahamss Costerius;Herman Abrahamsz Costerius
Hermanus Abrahamsz Costerius;Harmen Abrahamsz Costerius
Herme Kelderman;Harmen Kelderman
Hermen Abrahams Costerius;Harmen Abrahamsz Costerius
Hermen Abrahamsen Costerius;Harmen Abrahamsz Costerius
Hermen Abrahamss Costerius;Herman Abrahamsz Costerius
Hermen Abrahamsz Costerius;Harmen Abrahamsz Costerius
Hermen Abrhamsz Costerius;Harmen Abrahamsz Costerius
Hermen Kelderman;Harmen Kelderman
Herri Hum;Herri Hum
Herrie Hum;Herri Hum
Herrij Hum;Herri Hum
Hester Jans;
Hester Marijns;
Heyltjen Jurriaens;Heyltjen Jurriaensdr
Heyltjen Jurriaensdr;Heyltjen Jurriaensdr
Hilbrant Hilbrantsz;Hilbrant Hilbrantsz
Hilbrant Wijckers;Hilbrant Wijckers
Hilbrant Wijkers;Hilbrant Wijckers
Hilcke Marcus;
Hillegont Frans;Hillegont Franssdr.
Hillegont Franss;Hillegont Franssdr.
Hillegont Franssdr.;Hillegont Franssdr.
Hilletge Barents;
Hilletge Henricx;
Hilletge Wessels;Hilletge Wesselsdr.
Hilletge Wesselsdr.;Hilletge Wesselsdr.
Hilletgen Jansdr.;
Hilletgen Ottes;
Hilletgen Wessels;Hilletge Wesselsdr.
Hilletgen Wesselsdr.;Hilletge Wesselsdr.
Hilletgen Wibes;
Hilletien Otthens;
Hilletjen Davidt;
Hubbert Dircxsz van den Berch;
Hubert Martens;Hubert Martensz
Hubert Martensen;Hubert Martensz
Hubert Martenss;Hubert Martensz
Hubert Martenssen;Hubert Martensz
Hubert Martenssz;Hubert Martensz
Hubert Martensz;Hubert Martensz
Huibert Cambel/Jannetgen Huijberts;
Huijber Cambel;Huijbert Cambel
Huijbert Cambel;Huijbert Cambel
Huijbert Cornelissz;
Huijbert Martens;Hubert Martensz
Huijbert Martenssz;Hubert Martensz
Huijbert Martensz;Hubert Martensz
Huijbert Martsz;Hubert Martensz
Huybert Martens;Hubert Martensz
Huybert Martensz;Hubert Martensz
Ibe Sidtjes;
IJde Hendricxsz;
IJfgen Huijberts;
IJsaac Jans Linde;
IJte Gerritsz;
IJtgen Harmensdr.;
Immetgen Jansdr.;
Isaac Andriesz;Isaac Andriesz
Isaac Corneliss Verbeeck;Isaac Cornelissz Verbeeck
Isaac Cornelissz Verbeeck;Isaac Cornelissz Verbeeck
Isaac Pretto;
Isaack Andriesz;Isaac Andriesz
Isaacq Andriesz;Isaac Andriesz
Itge Opkes;
Itgen Jans;
Jacob Achterlonij;
Jacob Albertsz de Kinder;
Jacob Alingh;
Jacob Barendtss;Jacob Barentsz
Jacob Barendtsz;Jacob Barentsz
Jacob Barens;Jacob Barentsz
Jacob Barenss;Jacob Barentsz
Jacob Barenszen;Jacob Barentsz
Jacob Barents;Jacob Barentsz
Jacob Barentsen;Jacob Barentsz
Jacob Barentss;Jacob Barentsz
Jacob Barentssen;Jacob Barentsz
Jacob Barentssz;Jacob Barentsz
Jacob Barentsz;Jacob Barentsz
Jacob Barri;
Jacob Betths;
Jacob Block/Michiel de Marco;
Jacob Claes;
Jacob Cornelis;Jacob Cornelissz
Jacob Cornelissz;Jacob Cornelissz
Jacob Cornelisz Duijts;
Jacob de Lange;
Jacob Dircxss;
Jacob Dircxsz;
Jacob Dubbelts;
Jacob Durij;
Jacob Forthuijn;
Jacob Fortuijn;
Jacob Frisseel;Jacob Frisseel
Jacob Frissheel;Jacob Frisseel
Jacob Gerritsz Bessels;
Jacob Gillissz;
Jacob Govertsz Beer;
Jacob Henricxs;
Jacob Hesselsz;
Jacob Hots;Jacob Hotsz
Jacob Hotsen;Jacob Hotsz
Jacob Hotsz;Jacob Hotsz
Jacob Janss;Jacob Jansz
Jacob Janssz;Jacob Jansz
Jacob Jansz;Jacob Jansz
Jacob Jansz Vos;
Jacob Jansz/Pietertgen Pieters;
Jacob Joosten;Jacob Joosten
Jacob Kit;
Jacob Lae;Jacob Lae
Jacob Laijon;Jacob Laijon
Jacob Laion;Jacob Laijon
Jacob Minnessz;
Jacob Minnesz;
Jacob Moraij;Jacob Morry
Jacob Morra;Jacob Morry
Jacob Morrai;Jacob Morry
Jacob Morraij;Jacob Morrai
Jacob Morrij;Jacob Morrai
Jacob Morry;Jacob Morry
Jacob Pergens;
Jacob Prsz./Gerrit Prsz.;
Jacob Riddel;
Jacob Sachariass;Jacob Sachariasz
Jacob Sachariasz;Jacob Sachariasz
Jacob Salvis;Jacob Salvis
Jacob Salvis/Elsgen Jans;
Jacob Salvus;Jacob Salvis
Jacob Sybrantssz/Digna Jacobs;
Jacob van der Loff;
Jacob Wilems;Jacob Willemsz
Jacob Willems;Jacob Willemsz
Jacob Willemss;Jacob Willemsz
Jacob Willemss Blindeman;
Jacob Willemsz;Jacob Willemsz
Jacob Willemsz Lootsman;
Jacob Willemsz/Annetgen Jacobs;
Jacobmijn Mellecams;Jacomijn Melckomsdr.
Jacobmijne Backers;
Jacobs Barensz;Jacob Barentsz
Jacomijn Melcam;Jacomijn Melckomsdr.
Jacomijn Melckomsdr.;Jacomijn Melckomsdr.
Jacomijne Melckams;Jacomijn Melckomsdr.
Jacomijne Melckoms;Jacomijn Melckomsdr.
Jacomijntge Dircxdr.;
Jacomijntgen Elebo;
Jacques de la Coste;
Jacques Morrai;Jacob Morrai
Jacques Morras;Jacob Morrai
Jacques van de Gaver;
Jacques van de Gavre;
Jaepie Gerritsdr;
Jams Hutton;James Hutton
Jan Abrahamssz;
Jan Abrahamsz van Loon;
Jan Alberts;Jan Albertsz
Jan Albertss;Jan Albertss
Jan Albertssz;Jan Albertsz
Jan Albertsz;Jan Albertsz
Jan Albertsz van Narthoorn;
Jan Andriessz;Jan Andriesz
Jan Andriesz;Jan Andriesz
Jan Arentss;Jan Arentsz
Jan Arentsz;Jan Arentsz
Jan Atkins;
Jan Balthussz;
Jan Barents;Jan Barentsz
Jan Barentssz;Jan Barentsz
Jan Barentssz van te Velde;
Jan Barentsz;Jan Barentsz
Jan Bartheltssz;
Jan Belgeer;Jan Belgeer
Jan Bootsman;
Jan Brandtsz;Jan Brandtsz
Jan Brantsen;Jan Brandtsz
Jan Brijan;
Jan Buddijn;
Jan Ca[m]bel;Jan Cambel
Jan Camb.;Jan Cambel
Jan Cambel;Jan Cambel
Jan Cambell;Jan Cambel
Jan Carstens;Jan Carstensz
Jan Carstenss;Jan Carstensz
Jan Carstensz;Jan Carstensz
Jan Casperss Schonck;Jan Caspersz Schonck
Jan Caspersz Schonck;Jan Caspersz Schonck
Jan Clisdel;
Jan Coenen;
Jan Corneliss;Jan Cornelisz
Jan Cornelisz;Jan Cornelisz
Jan Cornelisz Smith;
Jan Couper;
Jan Cranenburgh;
Jan Davitsz;
Jan de la Cluijse;
Jan de Ruijter;
Jan Diedtloffsz Tweelingh;
Jan Dirckss;Jan Dircxsz
Jan Dirckszoon;Jan Dircxsz
Jan Dircx;Jan Dircxsz
Jan Dircx Muijen;
Jan Dircxs;Jan Dircxsz
Jan Dircxss;Jan Dircxsz
Jan Dircxsz;Jan Dircxsz
Jan Dirxcsz;Jan Dircxsz
Jan Dirxs;Jan Dircxsz
Jan Dirxsz;Jan Dircxsz
Jan Doncan;Jan Duncan
Jan Doncken;Jan Duncan
Jan Douwersz;Jan Douwess
Jan Douwess;Jan Douwess
Jan Douwessz;Jan Douwess
Jan Douwesz;Jan Douwess
Jan Driesman;
Jan Duncam;Jan Duncan
Jan Duncan;Jan Duncan
Jan Dunckan;Jan Duncan
Jan Duncken;Jan Duncan
Jan Dunken;Jan Duncan
Jan Evertsen;
Jan Evertsz Cloosterman;
Jan Fargison;Jan Fargisson
Jan Fargissen;Jan Farigisston
Jan Fargisson;Jan Farigisston
Jan Farigisston;Jan Farigisston
Jan Foppen;
Jan Forgissen;Jan Fargisson
Jan Forgisson;Jan Farigisston
Jan Fransz;
Jan Gerritsz Rijman;
Jan Gijsbertsz;Jan Gijsbertsz
Jan Goverts;Jan Govertsz
Jan Govertss;Jan Govertsz
Jan Govertsz;Jan Govertsz
Jan Gregorius;
Jan Harmans;Jan Harmansz
Jan Harmanss Balck;Jan Harmenss Balck
Jan Harmanssz;Jan Harmenss Balck
Jan Harmansz;Jan Harmenss Balck
Jan Harmens;Jan Harmansz
Jan Harmens;Jan Harmensz
Jan Harmens Balck;Jan Harmenss Balck
Jan Harmenss;Jan Harmenss Balck
Jan Harmenss Balck;Jan Harmenss Balck
Jan Harmenss Valck;Jan Harmenss Balck
Jan Harmenssz;Jan Harmensz
Jan Harmensz;Jan Harmensz
Jan Harmensz Balck;Jan Harmenss Balck
Jan Harmensz Swaan;
Jan Harmss;
Jan Heelen;Jan Heelen
Jan Heellen;Jan Heelen
Jan Helen;Jan Heelen
Jan Hendericxss Manuel;Jan Hendricxsz Manuel
Jan Hendericxsz Manuel;Jan Hendricxsz Manuel
Jan Hendricksen Manuwel;Jan Hendricxsz Manuel
Jan Hendrickssen Manuwel;Jan Hendricxsz Manuel
Jan Hendricksz;Jan Hendricksz
Jan Hendricksz Manuel;Jan Hendricxsz Manuel
Jan Hendricx Manuel;Jan Hendricxsz Manuel
Jan Hendricxs Manuel;Jan Hendricxsz Manuel
Jan Hendricxss Manuel;Jan Hendricxsz Manuel
Jan Hendricxsz Mannel;Jan Hendricxsz Manuel
Jan Hendricxsz manuel;Jan Hendricxsz Manuel
Jan Hendricxsz Manuel;Jan Hendricxsz Manuel
Jan Henrick Manuel;Jan Hendricxsz Manuel
Jan Henrickss Manuel;Jan Hendricxsz Manuel
Jan Henricksz Manuel;Jan Hendricxsz Manuel
Jan Henricsse Manuel;Jan Hendricxsz Manuel
Jan Henricsz Manuel;Jan Hendricxsz Manuel
Jan Henricxs Manuel;Jan Hendricxsz Manuel
Jan Henricxsen Manuel;Jan Hendricxsz Manuel
Jan Henricxssen Manuel;Jan Hendricxsz Manuel
Jan Henricxssz Manuel;Jan Hendricxsz Manuel
Jan Henricxsz Manuel;Jan Hendricxsz Manuel
Jan Henrix Manuel;Jan Hendricxsz Manuel
Jan Henrixs Manuel;Jan Hendricxsz Manuel
Jan Henrixsz Manuel;Jan Hendricxsz Manuel
Jan Herdinan;
Jan Horst;
Jan Hutton;James Hutton
Jan Ibens;Jan Ivensz
Jan Ibenss;Jan Ivensz
Jan Ibensz;Jan Ivensz
Jan Ibesz;Jan Ivensz
Jan IJsbrantsz;
Jan IJvens;Jan Ivensz
Jan IJvensen;Jan Ivensz
Jan IJvenssz;Jan Ivensz
Jan IJvensz;Jan Ivensz
Jan Ivens;Jan Ivensz
Jan Ivensen;Jan Ivensz
Jan Ivenss;Jan Ivensz
Jan Ivensz;Jan Ivensz
Jan Jacobs;Jan Jacobsz
Jan Jacobs Collert;
Jan Jacobsss Noorman;
Jan Jacobssz;Jan Jacobsz
Jan Jacobsz;Jan Jacobsz
Jan Jans;Jan Jansz
Jan Jans Buddin;
Jan Jans Telieur;Jan Jansz Telieur
Jan Jans Telijeur;Jan Jansz Telieur
Jan Jans Teljeur;Jan Jansz Telieur
Jan Jans Tellieur;Jan Jansz Telieur
Jan Jans Telyeur;Jan Jansz Telieur
Jan Jansen;Jan Jansz
Jan Jansen Focke de jonge;
Jan Jansen Taljeur;Jan Jansz Telieur
Jan Jansen Teljeur;Jan Jansz Telieur
Jan Janss;Jan Jansz
Jan Janss Collens;Jan Jansz Collens
Jan Janss Teljeur;Jan Jansz Telieur
Jan Janss Tellieur;Jan Jansz Telieur
Jan Janssen;Jan Jansz
Jan Janssen Teljieer;
Jan Janssz;Jan Jansz
Jan Janssz Bato;
Jan Janssz Brugman;
Jan Janssz Telieur;Jan Jansz Telieur
Jan Janssz Teljeur;Jan Jansz Telieur
Jan Janssz Tellieur;Jan Jansz Telieur
Jan Janssz Worms;
Jan Jansz;Jan Jansz
Jan Jansz Buddin;
Jan Jansz Camphuijsen;
Jan Jansz Collens;Jan Jansz Collens
Jan Jansz Collensz;Jan Jansz Collens
Jan Jansz Commersteijn;
Jan Jansz Cossens;Jan Jansz Collens
Jan Jansz de Jonge;
Jan Jansz Nuijs;
Jan Jansz Peuselaer;
Jan Jansz Spiets;
Jan Jansz Telieur;Jan Jansz Telieur
Jan Jansz Telijeur;Jan Jansz Telieur
Jan Jansz Teljeur;Jan Jansz Telieur
Jan Jansz Tellieur;Jan Jansz Telieur
Jan Jansz van Londen;Jan Jansz (van Londen)
Jan Jansz Wormbs;
Jan Jansz Worms;
Jan Jansz/Lijntgen Willemsdr.;
Jan Janszs;Jan Jansz
Jan Jochumsz Ploegh;
Jan Jurriaenss;
Jan Lambertsz;
Jan le Man;
Jan Lemmers;
Jan Libesak;Jan Libesar
Jan Libesar;Jan Libesar
Jan Libeser;Jan Libesar
Jan Liddel;Jan Riddel
Jan Lourensz;
Jan Lourensz Pruys;
Jan Lubbertsz;
Jan Maeijer;
Jan Marcksz;Jan Marcusz
Jan Marckussz;Jan Marcusz
Jan Marcussz;Jan Marcusz
Jan Marcusz;Jan Marcusz
Jan Martss;Jan Martsz
Jan Martssz;Jan Martsz
Jan Martsz;Jan Martsz
Jan Mathijs;Jan Mathijsz
Jan Mathijss;Jan Mathijsz
Jan Mathijssen;Jan Mathijsz
Jan Mathijssz;Jan Mathijsz
Jan Mathijsz;Jan Mathijsz
Jan Mathys;Jan Mathijsz
Jan Matthijsz;Jan Mathijsz
Jan Matthysz;Jan Mathijsz
Jan Meijnderts;Jan Meijndertsz
Jan Meijndertss;Jan Meijndertsz
Jan Meijndertssz;Jan Meijndertsz
Jan Meijndertsz;Jan Meijndertsz
Jan Meijnertsz;Jan Meijndertsz
Jan Meyndertsz;Jan Meijndertsz
Jan Meynerts;Jan Meijndertsz
Jan Minnessz;Jan Meijndertsz
Jan Mood;Jan Moodt
Jan Moodt;Jan Moodt
Jan Moreau;
Jan Mouris;Jan Mouris
Jan Mours;Jan Mouris
Jan Niesbet;Jan Niesbitt
Jan Niesbit;Jan Niesbitt
Jan Niesbitt;Jan Niesbitt
Jan Niesbitts;Jan Niesbitt
Jan Oosterwijck;
Jan Paton;
Jan Pelcoorn de Jonge;
Jan Peterss Sanddrager;Jan Pietersz Sandtdrager
Jan Pieters Sandtdrager;Jan Pietersz Sandtdrager
Jan Pieters Santd.;Jan Pietersz Sandtdrager
Jan Pieters Santdrager;Jan Pietersz Sandtdrager
Jan Pieters Smith;
Jan Pieterss;Jan Pietersz Sandtdrager
Jan Pieterss Sanddrager;Jan Pietersz Sandtdrager
Jan Pieterss Sandrager;Jan Pietersz Sandtdrager
Jan Pieterssen Santdrager;Jan Pietersz Sandtdrager
Jan Pieterssz;Jan Pietersz Sandtdrager
Jan Pieterssz Sandtdrager;Jan Pietersz Sandtdrager
Jan Pieterssz Santdr.;Jan Pietersz Sandtdrager
Jan Pieterssz Santdrager;Jan Pietersz Sandtdrager
Jan Pietersz;Jan Pietersz Sandtdrager
Jan Pietersz Haeses;
Jan Pietersz Sandtdrager;Jan Pietersz Sandtdrager
Jan Pietersz Santd.;Jan Pietersz Sandtdrager
Jan Pietersz Santdr;Jan Pietersz Sandtdrager
Jan Pietersz Santdra.;Jan Pietersz Sandtdrager
Jan Pietersz Santdrager;Jan Pietersz Sandtdrager
Jan Pieterszs Sanddrager;Jan Pietersz Sandtdrager
Jan Porde;Jan Pordie
Jan Pordi;Jan Pordie
Jan Pordie;Jan Pordie
Jan Prs. Santdrager;Jan Pietersz Sandtdrager
Jan Prsz;
Jan Raijertsz;
Jan Reedt;
Jan Reijerss;
Jan Reijersz;
Jan Reijlie;
Jan Reijndertss;Jan Meijndertsz
Jan Remij;Jan Rennij
Jan Renni;Jan Rennij
Jan Rennij;Jan Rennij
Jan Riddel;Jan Riddel
Jan Riddell;Jan Riddel
Jan Ridel;Jan Riddel
Jan Sacherijnsz Mouthaen;
Jan Salvis;
Jan Schot;Jan Schot
Jan Schott;Jan Schot
Jan Simpson;Jan Simpson
Jan Simson;Jan Simpson
Jan Smit;
Jan Smith;
Jan Stiewert;Jan Stuart
Jan Stob;
Jan Stock;
Jan Stuart;Jan Stuart
Jan Sweeris;Jan Sweersz
Jan Sweersz;Jan Sweersz
Jan Sweertsz Kloodt;Jan Sweertsz Kloot
Jan Sweertsz Kloot;Jan Sweertsz Kloot
Jan Telijeur;Jan Jansz Telieur
Jan Tellieur;Jan Jansz Telieur
Jan Theuniss;
Jan Thijss;
Jan Thijssz;
Jan Thijsz Schepmoes;
Jan Thomassz;
Jan Tielemans;
Jan Tijss;
Jan Tolloch;
Jan Verhoeven;
Jan Visscherman;
Jan Wadson;Jan Wadson
Jan Wadts;Jan Wadson
Jan Walij;
Jan Wats;Jan Wadson
Jan Willemsz;
Jan Wit;Jan Wit
Jan With;Jan Wit
Jan Witt;Jan Wit
Jan Wod;Jan Woed
Jan Wodt;Jan Woed
Jan Woed;Jan Woed
Jan Woedt;Jan Woed
Jan Yvensen;Jan Yvensz
Jan Yvenss;Jan Yvensz
Jan Yvenssz;Jan Yvensz
Jan Yvensz;Jan Yvensz
Janneken Fargisson;Janneken Fargisson
Janneken Jans;Jannetgen Jans
Janneken Siliau;
Jannetge Gerritsdr;Jannetgen Gerritsdr.
Jannetge Gerritsdr.;Jannetgen Gerritsdr.
Jannetgen Fargeson;Janneken Fargisson
Jannetgen Gerrits;Jannetgen Gerritsdr.
Jannetgen Gerritsdr;Jannetgen Gerritsdr.
Jannetgen Gerritsdr.;Jannetgen Gerritsdr.
Jannetgen Jacobs;
Jannetgen Jans;Jannetgen Jans
Jannetgen Kommersteijns;
Jannetgen Meijndersdr.;
Jannetgen Pieters;Jannetgen Pietersdr.
Jannetgen Pietersdr.;Jannetgen Pietersdr.
Jannetgen Roelands;Jannetgen Roelandtsdr.
Jannetgen Roelandtsdr.;Jannetgen Roelandtsdr.
Jannetgen Roelants;Jannetgen Roelandtsdr.
Jannetie Bastiaens;
Jannetie Jaspers;
Jannetien Jans;Jannetgen Jans
Jannetjen Eduarts;
Jannitgen Gerritsdr;Jannetgen Gerritsdr.
Jannitgen Gerritsdr.;Jannetgen Gerritsdr.
Jannnetgen Roelants;Jannetgen Roelandtsdr.
Jansen Manuel;Jan Hendricxsz Manuel
Jaques Morrai;Jaques Morraij
Jaques Morraij;Jaques Morraij
Jaques van Kermt;
Jasper Barendtss;Jasper Barentsz
Jasper Barendtsz;Jasper Barentsz
Jasper Barentssz;Jasper Barentsz
Jasper Barentsz;Jasper Barentsz
Jasper Janss;
Jean Brero;
Jean Libesar;Jan Libesar
Jean Marsie;
Jean Merchie;
Jeffie Barents;
Jemes Hutton;Jems Hutton
Jems Hutton;James Hutton
Jems Huttons;Jems Hutton
Jenis Hutton;Jems Hutton
Jens Hutten;Jems Hutton
Jens Hutton;Jems Hutton
Jerassemus Corneliss;
Jillis Jansz Spelevelt;
Joan Govertss;Jan Govertsz
Joan Heelen;Jan Heelen
Joan Stock;
Jochem Hanssen;Jochum Hansz
Jochem Jochemsz;
Jochem Pietersz;
Jochem Sijmonsz;Jochem Sijmonsz
Jochem Symonsz;Jochem Sijmonsz
Jochum Hanss;Jochum Hansz
Jochum Hanssz;Jochum Hansz
Jochum Hansz;Jochum Hansz
Jochum Jochumss;
Jochum Pieterss Smitt;
Jochum Pietersz;
Jochum Sijmonss/Grietge Cornelis;
Jochum Smitt;
Jochum Smitt/Anneken Harmans;
Jocobmijn Mellecams;Jacomijn Melckomsdr.
Joghem Hans;
Joghem Sijmons;Jochem Sijmonsz
Joghum Pieters;
Johan Schruijder;
Johan van Gesker;
Johannes Creus;Johannes Croes
Johannes Croes;Johannes Croes
Johannes Crous;Johannes Croes
Johannes Ellen;
Johannes Godtril;Johannes Godtril
Johannes Godttril;Johannes Godtril
Johannes Sael;
Johannes Schocken;
Johannes Struck;
Johannes Uijttenbogaert;
John Duncan;Jan Duncan
John Forguison;Jan Fargisson
John Forguson;Jan Fargisson
Johne Duncan;Jan Duncan
Jonas Everss;Jonas Evertsz
Jonas Eversz;Jonas Evertsz
Jonas Everts;Jonas Evertsz
Jonas Evertss;Jonas Evertsz
Jonas Evertssen;Jonas Evertsz
Jonas Evertssz;Jonas Evertsz
Jonas Evertsz;Jonas Evertsz
Jonas Hanss;
Jonas Stevens;
Joosgen Jans;
Joost Abrahamss;
Joost Bastiaensz;
Joost Engbert Hagen;
Joost Henricxss;
Joost Lambertss;
Joost Looraine;Joost Loraine
Joost Loragne;Joost Loraine
Joost Loraine;Joost Loraine
Joost Witsen;
Jorijs Hooms;Joris Hooms
Joris Baaswel;Joris Basuels
Joris Baesuel;Joris Basuels
Joris Baesvel;Joris Baeswel
Joris Baeswel;Joris Basuels
Joris Baeswell;Joris Baeswel
Joris Basuel;Joris Basuels
Joris Basuels;Joris Basuels
Joris Basuwel;Joris Baeswel
Joris Brant;Joris Brant
Joris Cambel;
Joris Davidss;Joris Davidtsz
Joris Davidsse;Joris Davidsz
Joris Davidsz;Joris Davidtsz
Joris Davidtsz;Joris Davidtsz
Joris Duncan;Joris Duncan
Joris Dunckan;Joris Duncan
Joris Duncken;Joris Duncan
Joris Homis;Joris Hooms
Joris Hooms;Joris Hooms
Joris Hoonis;Joris Hooms
Joris Hoons;Joris Hooms
Joris Jorden;
Joris Steensz Bougeon;Joris Stevensz Bougeon
Joris Stevens;Joris Stevensz
Joris Stevens Bouwgeon;Joris Stevensz Bougeon
Joris Stevenss;Joris Stevensz
Joris Stevensz;Joris Stevensz
Joris Stevensz Bougeon;Joris Stevensz Bougeon
Joris Stevensz Bouwgeon;Joris Stevensz Bougeon
Joris Steventsz;Joris Stevensz
Judijth Pon;Judith Pon
Judith Gerritsdr.;
Judith Jansdr.;
Judith Pon;Judith Pon
Juriaan Jans;Jurriaen Jansz
Juriaan Jansz;Jurrien Jansz
Juriaen Jans;Jurriaen Jansz
Juriaen Janss;Jurriaen Jansz
Juriaen Janssen;Jurrien Jansz
Juriaen Jansz;Jurriaen Jansz
Jurien Janssz;Jurrien Jansz
Jurriaan Jans;Jurriaen Jansz
Jurriaen Eldersz;Jurriaen Eldertsz
Jurriaen Eldertsz;Jurriaen Eldertsz
Jurriaen Ellertss;Jurriaen Eldertsz
Jurriaen Jans;Jurriaen Jansz
Jurriaen Jansen;Jurriaen Jansz
Jurriaen Janssen;Jurrien Jansz
Jurriaen Janssz;Jurriaen Jansz
Jurriaen Jansz;Jurriaen Jansz
Jurriaen Remmersz;
Jurriaen Willemss;
Jurrien Andriess;
Jurrien Gerrits;Jurrien Gerritsz
Jurrien Gerritsz;Jurrien Gerritsz
Jurrien Jans;Jurriaen Jansz
Jurrien Jansen;Jurrien Jansz
Jurrien Janss;Jurriaen Jansz
Jurrien Janssen;Jurrien Jansz
Jurrien Jansss;Jurriaen Jansz
Jurrien Janssz;Jurriaen Jansz
Jurrien Jansz;Jurriaen Jansz
Jurrien Lambertsz;
Jurrien Vrijberger;
Jurrien Willemssz;
Karsten Pietersz;Carsten Pietersz
Kasper Sluijter;Casper Sluiter
Kersten Janss;
Koert Stresen;
Laes Coenders;
Laes Koenders;
Lambert Claasz;Lambert Claesz
Lambert Claes;Lambert Claesz
Lambert Claess;Lambert Claesz
Lambert Claesz;Lambert Claesz
Lambert Clasen;Lambert Claesz
Lambert Clasz;Lambert Claesz
Lambert Gerritssz;
Lambert Harmenss;
Lambert Jans;
Lambertgen Hamans;
Lambertt Hetser;
Laurens Janss;Laurens Jansz
Laurens Jansz;Laurens Jansz
Laurens Kannegieter;
Laurens Matthijs;Laurens Matthijsz
Laurens Matthijsz;Laurens Matthijsz
Laurens Pietersz;Lourens Pietersz
Leeffrick;Barent Leefrinck
Leeffrinck;Barent Leefrinck
Leefrinck;Barent Leefrinck
Leendert Gerritsz;
Leendert Jacobsz;
Leunis Claessz;
Lieffgen Fredricx;
Lieuwe Prsz.;
Lijntgen Jerons;
Lijntgen Michiels;
Lijntgen Pietersdr;Lijntgen Pietersdr.
Lijntgen Robberts;
Lijntie Pietersdr.;Lijntgen Pietersdr.
Lijsabeth Jans;Lijsbeth Jansdr.
Lijsbedt Alberts;Lijsbet Albertsd.
Lijsbet Alberts;Lijsbet Albertsd.
Lijsbet Jansdr.;Lijsbeth Jansdr.
Lijsbet Pieters;
Lijsbet Wachot;
Lijsbeth Jans;Lijsbeth Jansdr.
Lijsbeth Jansdr.;Lijsbeth Jansdr.
Lijsbeth Joris;
Lijsbeth Pieters;
Lijsbeth Sijmons;
Lijsbeth van der Beeck;
Lijsbett Daems;
Lijsbett Pietersdr;
Lijsbett Warnars;
Lodewijck Borremans;
Lodewijck Willemsz;
Lourens Jans;Lourens Jansz
Lourens Janss;Lourens Jansz
Lourens Janssz;Lourens Jansz
Lourens Jansz;Lourens Jansz
Lourens Mathijssz;Laurens Matthijsz
Lourens Pietersen;Lourens Pietersz
Lourens Pietersz;Lourens Pietersz
Lourens Roeloffssz;Lourens Roeloffsz
Lourens Roeloffsz;Lourens Roeloffsz
Lourens Sieuwertss;Lourens Sieuwertsz
Lourens Sieuwertsz;Lourens Sieuwertsz
Louris Janssz;Louris Jansz
Louris Jansz;Louris Jansz
Louwerens Jans;Louris Jansz
Louweris Janss;Louris Jansz
Lucas Michielsz;
Lucas Sieuwertss;Lucas Sieuwertsz
Lucas Sieuwertsz;Lucas Sieuwertsz
Lucas van Kipshaven;
Lucia Ruijchhelm;
Luckjen Jans;
Luijt Willemsz;
Luycas van de Venne;
Lyntien Heeres;
Lyntien Pieters;
Lysbet Alberts;Lijsbet Albertsd.
Lysbet Drommon;
Lysbet Hallens;
Lysbet Henricxdr;
Lysbeth Bruijns;
Lysbeth Jochums;
Madalena Goverts;
Maeritgen Erasmus;Marritgen Erasmus
Magdaleena Albertsdr.;
Magdaleentgen Jeronimus;
Magdalena Bisschop;
Magdalena Breeninghs;
Magdalena Cornelis;
Maghteltgen Stoffelsdr.;
Magnus Smijt;Magnus Smit
Magnus Smit;Magnus Smit
Magnus Smith;Magnus Smit
Magnus Smitt;Magnus Smit
Magnus Smitth;Magnus Smit
Maijcke Clercxs;
Mangelis Smit;Magnus Smit
Mangelis Smith;Magnus Smit
Mangelis Smitth;Magnus Smit
Mangnus Smijt;Magnus Smit
Mangnus Smit;Magnus Smit
Mangnus Smith;Magnus Smit
Mangnus Smitth;Magnus Smit
Manuel Pieters;
Maragriet Clement;Margriet Clement
Marcus Karts Pijl;
Marcus Pijl;
Margarita Jans van den Lindenhoff;
Margriet Clemens;Margriet Clement
Margriet Clement;Margriet Clement
Margriet Clements;Margriet Clement
Margriet Clemets;Margriet Clement
Margriet Huijberts;Margriet Huijberts
Margriet Jans;
Margriet Pieters;Margriet Pieters
Margriete Clement;Margriet Clement
Margriete Duncans;Margriete Duncans
Margriete Pieters;Margriet Pieters
Margrite Hendericx;Maritgen Hendricx
Maria Coloch;Maria Coloch
Maria Courtman;
Maria Fredericx;
Maria Keijsers;
Maria Odelijn;
Marij Jans;Marij Jansdr.
Marij Jansdr.;Marij Jansdr.
Marij Keijsers;
Marij Odelijn;
Marij Sijbrants;
Marijtgen Michiels;
Marijtgen Thomas;
Maritgen Cornelis;
Maritgen Hendricx;Maritgen Hendricx
Maritgen Henricx;Maritgen Hendricx
Maritgen Peel;Maritgen Peel
Maritgen Pil;Maritgen Peel
Marri Hanou;
Marrij Donckers;
Marrij Jans;Marij Jansdr.
Marritge Claes;Marritgen Claes
Marritge Damen;Marritgen Damen
Marritge Dircxdr.;
Marritge Erasmus;Marritgen Erasmus
Marritge Gerrits;
Marritge Jansdr.;Marritgen Jansdr.
Marritge Poulusdr.;
Marritge Sybrants;
Marritge van Cliedt;
Marritgen Claes;Marritgen Claes
Marritgen Cornelis;
Marritgen Damen;Marritgen Damen
Marritgen Dircxdr;
Marritgen Erasmus;Marritgen Erasmus
Marritgen Hanss;
Marritgen Harmens;Marritgen Damen
Marritgen Henricx;Maritgen Hendricx
Marritgen Jans;Marritgen Jansdr.
Marritgen Jansdr.;Marritgen Jansdr.
Marritgen Janse;Marritgen Jansdr.
Marritgen Pieter;Marritgen Pietersdr.
Marritgen Pieters;Marritgen Pietersdr.
Marritgen Pietersdr.;Marritgen Pietersdr.
Marritgen Robbertsdr;
Marritgen Thijssen;
Marritgen Tobias;
Marritgen Veenemans;
Marritgen Vos;
Marritgen Willems;
Marritgen Wits;
Marritien Cornelis;
Marritien Hamilton;
Marritien Jurriaens;
Marritje Dircx;
Marritjen Damen;Marritgen Damen
Marritjen Fredericx;
Marritjen Jacobs;
Marrittie Claes;Marritgen Claes
Marten Baldden;Marten Balde
Marten Balde;Marten Balde
Marten Bardeux;
Marten Hendricksen;Marten Hendricksen
Marten Martenss/Marritge Martens;
Marten Martensz;
Marten Pietersz;Carsten Pietersz
Marten van Freghem;Marten van Vreghem
Marten van Vrechen;Marten van Vreghem
Marten van Vrechgen;Marten van Vreghem
Marten van Vreghem;Marten van Vreghem
Marten Vanieer;
Martijntje Jans;
Martin Balde;Marten Balde
Mathijs Jacobssz;
Mathijs Leersgen;
Mathijs Neef;
Mathijs Petijt;Mathijs Petit
Mathijs Petit;Mathijs Petit
Mathijs Stevenss;
Mathijs Thornou;
Matthys Tornou;
Meijndert Cornelisz;
Meijne Janssz;
Melchert Pietersz;
Melle Pieters;Melle Pietersz
Melle Pieterss;Melle Pietersz
Melle Pieterssz;Melle Pietersz
Melle Pietersz;Melle Pietersz
Mensgen Alberts;
Metgen Evertsdr.;
Metgen Gerrits;
Metgen Winters;Metgen Winters
Metgen Wouters;
Metien Winters;Metgen Winters
Metten Alderts;
Meyndert Meyndertsz;
Meyndert Wouterss;
Michel de Marco;Michiel de Marco
Michiel Claesz;
Michiel Cornelisz Winter;
Michiel de Marco;Michiel de Marco
Michiel de Marco Certchier;Michiel de Marco
Michiel de Marco/Jacob Block;
Michiel Erasmusz/Marritgen Dircx;
Michiel Erasmusz/Marritgen Dircxdr.;
Michiel Focken;
Michiel Jacobsz;
Michiel Janssz;
Michiel Jansz de Swart/Dieuwertgen Jurriens;
Michiel Jansz/Stijntie Pieters;
Michiel le Blon;
Michiel Lourensz;
Michiel van Amelandt;
Michiel van den Houte;
Michiel Visscher;
Mighiel de Marco Schertzer;
Minne Heijckes;
Mouris Moedy;
Neeltgen Adriaens;
Neeltgen Cornelisdr.;
Neeltgen Jansdr;Aeltgen Jansdr.
Neeltgen Joris;
Neeltgen Lucas;
Neeltgen Outgers;
Neeltie Pieters;Neeltjen Pietersdr.
Neeltien Aris;
Neeltje Pieters;Neeltjen Pietersdr.
Neeltjen Pietersdr.;Neeltjen Pietersdr.
Nelletgen Jansdr.;Aeltgen Jansdr.
Niclaas Bisschop;Niclaes Bisschop
Niclaes Bisschop;Niclaes Bisschop
Niclaes van Reijn;
Niclaes van Roijen;
Niclaes Willemssz Lossij;
Nicolaes Craen;
Nicolaes de Valloij;Nicolaes du Valloij
Nicolaes du Valloij;Nicolaes du Valloij
Nicolaes Kraemmeester;
Nicolaes Valck;
Orseltgen Boudewijns;
Ottho Fries;Otto Fries
Ottho Vries;Otto Fries
Otto Fries;Otto Fries
Otto Meijndertss;
P. Molenaer;Pieter Molenaer
Participanten van lijnbaan Den Dolphijn;
Passchier Hovijn;
Paul Aldertss;Paulus Aldertsz
Paul Aldertsz;Paulus Aldertsz
Paul Paulsz;Pauls Paulsz
Pauls Aldertssz;Paulus Aldertsz
Pauls Aldertsz;Paulus Aldertsz
Pauls Binger;Poulus Binger
Pauls Janss;Pauls Jansz
Pauls Janssz;Pauls Jansz
Pauls Jansz;Pauls Jansz
Pauls Paulsz;Pauls Paulsz
Pauls Touchain;
Paulus Adertssz;Paulus Aldertsz
Paulus Aertssz;Paulus Aldertsz
Paulus Aldertssz;Paulus Aldertsz
Paulus Aldertsz;Paulus Aldertsz
Paulus Binger;Poulus Binger
Paulus Jans;Paulus Jansz
Paulus Janss;Paulus Jansz
Paulus Janssen;Poulus Jansz
Paulus Janssz;Paulus Jansz
Paulus Jansz;Paulus Jansz
Paulus Jansz Smitt;
Paulus Pauluss;Paulus Poulusz
Paulus Poulusz;Paulus Poulusz
Paulus Roeloffsz;
Pauwels Janss;
Phiips de Potere;Philip de Poter
Phililps de Potre;Philip de Poter
Philip de Poter;Philip de Poter
Philippus Godefroij;
Philips de Nijs;
Philips de Potere;Philip de Poter
Philips de Potre;Philip de Poter
Philips de Pottere;Philip de Poter
Philips Stoffels;Philips Stoffelsz
Philips Stoffvelsz;Philips Stoffelsz
Philips van Geel;
Phomas Peijn;Thomas Pain
Piere Pro;
Pierre de Heijnau;Pierre de Heinau
Pierre de Heinau;Pierre de Heinau
Pieter Aldertss;
Pieter Barentsz;
Pieter Born;Pieter Born
Pieter Bouwessz;
Pieter Brouwer;
Pieter Christoffel;
Pieter Claesen;
Pieter Claess Meijer;Pieter Claessz Meijer
Pieter Claessz Maeijer;Pieter Claessz Meijer
Pieter Claesz;
Pieter Cornelisz;
Pieter de Backer;
Pieter de Lande;
Pieter de Meijer;
Pieter de Winter;
Pieter Dircxsz van Dissel;
Pieter Dromment;
Pieter Erasmus;Pieter Erasmusz
Pieter Erasmussz;Pieter Erasmusz
Pieter Erasmusz;Pieter Erasmusz
Pieter Frans;Pieter Fransz
Pieter Franssz;Pieter Fransz
Pieter Gerrits;Pieter Gerritsz
Pieter Gerritsen;Pieter Gerritsz
Pieter Gerritss;Pieter Gerritsz
Pieter Gerritssz;Pieter Gerritsz
Pieter Gerritsz;Pieter Gerritsz
Pieter Groen/Magdalena Jonas;
Pieter Hamel;Pieter Hamel
Pieter Hanssz;Pieter Hansz
Pieter Hansz;Pieter Hansz
Pieter Isaacxsen;Pieter Isaacxsz
Pieter Isaacxsz;Pieter Isaacxsz
Pieter Jacobs;Pieter Jacobs
Pieter Jacobsz;Pieter Jacobs
Pieter Janss;
Pieter Janss de Vos;Pieter Jansz Vos
Pieter Janss Vos;Pieter Jansz Vos
Pieter Janssz Vos;Pieter Jansz Vos
Pieter Jansz Vos;Pieter Jansz Vos
Pieter Jasperss;
Pieter Jonassz/Abraham Verkammen;
Pieter Lidart;
Pieter Lucassz;
Pieter Martensz;
Pieter Martensz/Magdaleentje Cornelisdr.;
Pieter Meijnderts;
Pieter Meulenaer;Pieter Molenaer
Pieter Michielsz;
Pieter Molenaer;Pieter Molenaer
Pieter Molenaer/Harmen Sonnenbergh;
Pieter Niekerken;Pieter Niekerken
Pieter Nieukerken;Pieter Niekerken
Pieter Oelesz;
Pieter Palmquist;
Pieter Pietersz;
Pieter Pietersz de Witt;
Pieter Reinertsz;
Pieter Rusch;
Pieter Sas;
Pieter Scholt;Pieter Scholt
Pieter Scholtt;Pieter Scholt
Pieter Schout;Pieter Scholt
Pieter Schreur;
Pieter Serveijn;
Pieter Sijmonss;Pieter Sijmonsz
Pieter Sijmonsz;Pieter Sijmonsz
Pieter Teunisz van Aelst;
Pieter Theunisen;
Pieter Thijsz;
Pieter Thomasz;
Pieter van Wijngaert;
Pieter Willemsz Teijs;
Pietergen Gijsbertsdr.;
Pietertien Henricx;
Pleuntgen Adriaansdr./Magdaleentge Gerits;
Pleuntgen Adriaens;Pleuntgen Adriaens
Pleuntgen Ariaens;Pleuntgen Adriaens
Poules Michielsz;
Poulus Aldertsz;Paulus Aldertsz
Poulus Bingen;Poulus Binger
Poulus Binger;Poulus Binger
Poulus Jans;Poulus Jansz
Poulus Jansen;Poulus Jansz
Poulus Jansen Smitt;Poulus Jansz Smit
Poulus Janss;Poulus Jansz
Poulus Janssen;Poulus Jansz
Poulus Jansss;Poulus Jansz
Poulus Janssz;Poulus Jansz
Poulus Jansz;Poulus Jansz
Poulus Jansz Smit;Poulus Jansz Smit
Poulus Jansz Smitt;Poulus Jansz Smit
Poulus Michielsz;
Poulus Pouluss;Paulus Poulusz
Pouwels Jansen;Poulus Jansz
Pouwels Janss;Poulus Jansz
Pouwels Jansz;Poulus Jansz
Pouwelss Janss;
Pouwelsz Jansz;Poulus Jansz
Pr Born;Pieter Born
Pr Gerrits;Pieter Gerritsz
Pr. Gerrits;Pieter Gerritsz
Pr. Gerritsz;Pieter Gerritsz
Pr. Molenaer;Pieter Molenaer
Pr. Moolenaer;Pieter Molenaer
Quirijntgen Lievens;
Rachael Pietersdr.;
Raephel Willemsen;
Rafael Willems Grisnel;
Raphael Willemsz;
Raphael Wmsz.;
Rayer Dircxss;
Rebecca Jacobsdr.;
Reijner Harckes;Reijner Harckesz
Reijnier Harckes;Reijner Harckesz
Reijnier Harckess;Reijner Harckesz
Reijnier Inthesssz;Reijner Harckesz
Rieuwert Alberts;
Rincke Abbes;
Rinsje Jans;
Risge Claes;Risge Claesdr.
Risge Claesdr.;Risge Claesdr.
Ritcert Lingert;Ritschert Lingert
Ritscert Lingert;Ritschert Lingert
Ritschert Lingert;Ritschert Lingert
Riwert Albertsz;
Robbert Evans;
Robbert Hamel;
Robbert Hamelton;Robbert Hamilton
Robbert Hamilthon;Robbert Hamilton
Robbert Hamilton;Robbert Hamilton
Robbert Hampton;Robbert Hamilton
Robbert Hardé;Robbert Harde
Robbert Harde;Robbert Harde
Robbert Hardi;Robbert Harde
Robbert Maetsen;
Robbert Riddoch;
Robbert Stuart;
Robbert Vos;
Robbert Willemsen;Robbert Willemsz
Robbert Willemss;Robbert Willemsz
Robbert Willemssz;Robbert Willemsz
Robbert WIllemsz;Robbert Willemsz
Robbert Willemsz;Robbert Willemsz
Robbert Willemszs;Robbert Willemsz
Robbert Woetstack;
Robert Hamelton;Robbert Hamilton
Rocher de Koningh;Rogier de Coningh
Rochier de Conincx;Rogier de Coningh
Rochier de Koningh;Rogier de Coningh
Roeleff Luijcas;
Roelof Harmensz;Roeloff Harmensz
Roeloff Harmens;Roeloff Harmensz
Roeloff Harmensz;Roeloff Harmensz
Roeloff Janss;Roeloff Jansz
Roeloff Jansz;Roeloff Jansz
Roeloff Pieterss;Roeloff Pietersz
Roeloff Pietersz;Roeloff Pietersz
Roeloff Roeloffsz;
Roghier de Coningh;Rogier de Coningh
Rogier Coningh;Rogier de Coningh
Rogier de Coning;Rogier de Coningh
Rogier de Coningh;Rogier de Coningh
Rogier de Cooninck;Rogier de Coningh
Rogier de Cooningh;Rogier de Coningh
Rogier Ponce;
Rosier de Coning;Rogier de Coningh
Rosier Ponce;
Rui Gomes Fronteira;
Rutger Clarenbeeck;
Rutger Sandersz;
Ryck Theunissz;
Saartge Burcherts;
Sacharijas Rosijn;
Saertien Robberts;
Salomon Abrahamsz;
Salomon Haeck;
Sambson Barcq;Sampson Berck
Sameuel Lemens;Samuel Lemens
Samewel Lemens;Samuel Lemens
Sampsen Berck;Sampson Berck
Sampsom Barcq;Sampson Berck
Sampson;
Sampson Bacq;Sampson Berck
Sampson Barck;Sampson Berck
Sampson Barcq;Sampson Berck
Sampson Berck;Sampson Berck
Sampson Bercq;Sampson Berck
Sampson Berq;Sampson Barcq
Sampzon Barcq;Sampson Berck
Samson;
Samson Barcq;Sampson Berck
Samson Berck;Sampson Berck
Samson Bercq;Sampson Berck
Samspon Berck;Sampson Berck
Samuel Blommaert;
Samuel l Mens;Samuel Lemens
Samuel le Mens;Samuel Lemens
Samuel Le Mens;Samuel Lemens
Samuel Lemener;Samuel Lemens
Samuel Lemens;Samuel Lemens
Samuel Lemmens;Samuel Lemens
Samuel van Setterich;
Samuwel Lemens;Samuel Lemens
Sander Gedders;
Sander Smitth;
Sara de Mol;
Sara Dedmon;
Sara Jans;Sara Jansdr.
Sara Jansdr.;Sara Jansdr.
Sara le Mens;Sara Lemensdr.
Sara le Ments;Sara Lemensdr.
Sara Lemens;Sara Lemensdr.
Sara Lemensdr.;Sara Lemensdr.
Schalletgen Matheus;
Scholte Jansz;
Scioucke Alberts;
Seeletgen Andries;
Sibbeltien Adriaens;
Sieuwert Fransz;
Sieuwert Luijtgens;Sieuwert Luijtgens
Sieuwert Luijtges;Sieuwert Luijtgens
Sijbrant Gerbrants;
Sijbrant Samuelss;
Sijburgh Jansdr.;
Sijmen Floriz;Sijmon Florisz
Sijmen Jansz;Sijmon Jansz
Sijmon Claessz;
Sijmon Cornelisz;
Sijmon Cornelisz Backer;
Sijmon Floris;Sijmon Florisz
Sijmon Florissz;Sijmon Florisz
Sijmon Florisz;Sijmon Florisz
Sijmon Jans;Sijmon Jansz
Sijmon Janse;Sijmon Jansz
Sijmon Jansen;Sijmon Jansz
Sijmon Janss;Sijmon Jansz
Sijmon Jansz;Sijmon Jansz
Sijmon Jansz/Aeltgen Jacobs;
Sijmon Lambertss;
Sijntge Fremau;Sijntie Fremou
Sijntie Fremou;Sijntie Fremou
Sijtgen Gerrits;
Sijtgen Martens;
Sijtgen Pieters;
Sijtgen Wijnants;
Simontgen Bouwensdr.;
Sioucke Albertsz;Sioucke Albertsz
Siouke Albertss;Sioucke Albertsz
Sl. Lemens;Samuel Lemens
Srent Fransz van Minne;Arent Fransz van Minnen
Steven Dirckse;Steven Dirxcsz
Steven Dirckss;Steven Dirxcsz
Steven Dirckssen;Steven Dirxcsz
Steven Dircksz;Steven Dirxcsz
Steven Dircss;Steven Dirxcsz
Steven Dircsz;Steven Dirxcsz
Steven Dircx;Steven Dirxcsz
Steven Dircxs;Steven Dirxcsz
Steven Dircxss;Steven Dirxcsz
Steven Dircxssen;Steven Dirxcsz
Steven Dircxssz;Steven Dirxcsz
Steven Dircxsz;Steven Dirxcsz
Steven Dircxz;Steven Dirxcsz
Steven Dirkss;Steven Dirxcsz
Steven Dirxcsz;Steven Dirxcsz
Steven Henricxsz;
Steven Scholten;
Stijn Adriaensdr;Stijntgen Adriaens
Stijn Adriaensdr.;Stijntgen Adriaens
Stijne Jansdr.;Stijntgen Jansdr.
Stijntge Adriaens;Stijntgen Adriaens
Stijntge Sijmons;
Stijntgen Adriaen;Stijntgen Adriaens
Stijntgen Adriaens;Stijntgen Adriaens
Stijntgen Adriaensdr;Stijntgen Adriaens
Stijntgen Adriaensdr.;Stijntgen Adriaens
Stijntgen Adsriaens;Stijntgen Adriaens
Stijntgen Areans;Stijntgen Adriaens
Stijntgen Ariaens;Stijntgen Adriaens
Stijntgen Carstens;Trijntgen Carstens
Stijntgen Dircx;
Stijntgen Henricx;
Stijntgen Jans;Stijntgen Jansdr.
Stijntgen Jansdr.;Stijntgen Jansdr.
Stijntgen Lourens;
Stijntgen Pietersdr.;Lijntgen Pietersdr.
Stoffel Jansssz;Stoffel Jansz
Stoffel Janssz;Stoffel Jansz
Stoffel Jansz;Stoffel Jansz
Stoffel Jansz/Trijntie Wibes;
Stoffel Jansz/Trijntje Wibes;
Stoffel Jansz/Tryntie Wybes;
Styn Adriaensdr;Styn Adriaensdr.
Styn Adriaensdr.;Styn Adriaensdr.
Styntien Pietersdr.;
Susanna Daniels;
Susanna de Flandre;
Susanna Garlan;Susanna Garlandt
Susanna Garland;Susanna Garlandt
Susanna Garlandt;Susanna Garlandt
Susanna Gerland;Susanna Garlandt
Susanna Jans;
Susanna Wormal;
Sussanna Daniels;
Swaantgen Meijnderts;Swaentie Meijndertsdr.
Swaentge Claesdr;Swaentgen Claesdr.
Swaentge Claesdr.;Swaentgen Claesdr.
Swaentge Jansdr.;
Swaentgeen Claes;Swaentgen Claesdr.
Swaentgen Claes;Swaentgen Claesdr.
Swaentgen Claesdr;Swaentgen Claesdr.
Swaentgen Claesdr.;Swaentgen Claesdr.
Swaentgen Jacobsdr;
Swaentgen Meijnderts;Swaentie Meijndertsdr.
Swaentie Meijnders;Swaentie Meijndertsdr.
Swaentie Meijndertsdr;Swaentie Meijndertsdr.
Swaentie Meijndertsdr.;Swaentie Meijndertsdr.
Swen Pietersz/Marritgen Jans;
Sybrant Gerbrants;
Sybrant Hanssz;
Symon Janse;Symon Jansz
Symon Jansz;Symon Jansz
Sytgen Gerritsdr;
Taecke Jansz;
Take Jansz;
Tet Jansdr.;
Teunis Jans;Teunis Jansz
Teunis Jansz;Teunis Jansz
Teuntge Huijbertsdr.;Teuntge Huijbertsdr.
Teuntgen Huijberts;Teuntge Huijbertsdr.
Thams Brandt;Thomas Brandt
Theunis Jansen;Teunis Jansz
Theunis Jansz;Teunis Jansz
Theunis Louressz;
Thijmen Jansz;
Thijs Claesz;
Thijs Jansen/Adewich Harmis;
Thijs Janssz;Thijs Jansz
Thijs Jansz;Thijs Jansz
Thobias Warner;
Thom Pain;Thomas Pain
Thom. Pain/Cathalina d'Acree;
Thomas Acclam;Thomas Acclam
Thomas Acklem;Thomas Acclam
Thomas Barents;Thomas Barentsz
Thomas Barentss;Thomas Barents
Thomas Barentssz;Thomas Barentsz
Thomas Barentsz;Thomas Barentsz
Thomas Barton;Thomas Burton
Thomas Brandt;Thomas Brant
Thomas Brandts;Thomas Brandt
Thomas Brant;Thomas Brant
Thomas Brantt;Thomas Brant
Thomas Burot;Thomas Burton
Thomas Burton;Thomas Burton
Thomas Carstenss;
Thomas Christoffelssz;Thomas Christoffelsz
Thomas Christoffelsz;Thomas Christoffelsz
Thomas Crimschier;Thomas Grimschier
Thomas de Keijser;
Thomas Elis;Thomas Elis
Thomas Gerritsz;
Thomas Grimchier;Thomas Grimschier
Thomas Grimschier;Thomas Grimschier
Thomas Jansz;
Thomas Joosten;
Thomas Krijmshert;
Thomas Memperis;Thomas Mempris
Thomas Mempris;Thomas Mempris
Thomas Menpris;Thomas Mempris
Thomas Paein/Cathalina d'Acree;
Thomas pain;Thomas Pain
Thomas Pain;Thomas Pain
Thomas Pain/Cathalina dÂ´Acree;
Thomas Pain/Cathalina Dacre;
Thomas Pain/Cathalina Dacree;
Thomas Pain/Cathalina d'Acree;
Thomas Pains;Thomas Pain
Thomas Peijn;Thomas Pain
Thomas Pein;Thomas Pain
Thomas Peyn;Thomas Pain
Thomas Pietersz;
Thomas Skijmschier;Thomas Grimschier
Thomas Skrijmchier;Thomas Grimschier
Thomas Skrijmschier;Thomas Grimschier
Thomas Thijssz;
Thymon Jacobsz;
Thys Janssz;Thys Jansz
Thys Jansz;Thys Jansz
Tjalle Wilckes;
Tjerck Jansz. Vries;
Tomas Aclam;Thomas Acclam
Tomas Anclam;Thomas Acclam
Tomas Brant;Thomas Brandt
Tomas Pein;Thomas Pain
Tomas Peyn;Thomas Pain
Trijn Heindrics;
Trijn Jacobs;Trijn Jacobsdr.
Trijn Jacobsdr.;Trijn Jacobsdr.
Trijn Jans;Trijn Jansdr.
Trijn Jansdochter;Trijn Jansdr.
Trijn Jansdr.;Trijn Jansdr.
Trijn Maertens;
Trijnge Tiellemans;
Trijntge Carstens;Trijntgen Carstens
Trijntge Cocks;
Trijntge Henricx;Trijntgen Henricxdr.
Trijntge Hercules;
Trijntge Jans;Trijn Jansdr.
Trijntgen Albertsdr.;
Trijntgen Arents;
Trijntgen Carstens;Trijntgen Carstensdr.
Trijntgen Carstensdr;Trijntgen Carstens
Trijntgen Carstensdr.;Trijntgen Carstensdr.
Trijntgen Claes;Trijntgen Claesdr.
Trijntgen Claesdr;Trijntgen Claesdr.
Trijntgen Cornelis;
Trijntgen Dircx;Trijntgen Dircxs
Trijntgen Dircxs;Trijntgen Dircxs
Trijntgen Eeckhorst;
Trijntgen Gerrits;
Trijntgen Heeresdr;Trijntgen Henricxdr.
Trijntgen Heijndericxdr;Trijntgen Henricxdr.
Trijntgen Heijndericxdr.;Trijntgen Henricxdr.
Trijntgen Heindricx;Trijntgen Henricxdr.
Trijntgen Hendricx;Trijntgen Henricxdr.
Trijntgen Hendricxs;Trijntgen Henricxdr.
Trijntgen Henricks;Trijntgen Henricxdr.
Trijntgen Henrics;Trijntgen Henricxdr.
Trijntgen Henricx;Trijntgen Henricxdr.
Trijntgen Henricxdr;Trijntgen Henricxdr.
Trijntgen Henricxdr.;Trijntgen Henricxdr.
Trijntgen Jacobsdr.;Trijntgen Jansdr.
Trijntgen Jans;Trijntgen Jansdr.
Trijntgen Jansdr;Trijntgen Jansdr.
Trijntgen Jansdr.;Trijntgen Jansdr.
Trijntgen Jansz;Trijntgen Jansdr.
Trijntgen Jurriaens;
Trijntgen Lourens;
Trijntgen Nannincxdr.;
Trijntgen Pieters;
Trijntgen Rombouts;
Trijntgen Thijmons;
Trijntie Carstens;Trijntgen Carstens
Trijntie Jans;Trijn Jansdr.
Trijntie Pieters;
Trijntie Wijbes;Trijntje Wibes
Trijntien Pieters;
Trijntje Christiaens;
Trijntje Wibes;Trijntje Wybes
Trijntje Wijbes;Trijntje Wybes
Trijntje Wybes;Trijntje Wybes
Trijntjen Henricx;Trijntgen Henricxdr.
Trijntjen Stoffels;
Tryn Henricx;
Tryntge Claesdr.;Trijntgen Claesdr.
Tryntgen Hanssen;
Tryntgen Jans;Trijntgen Jansdr.
Tryntgen Jonas;
Tryntgen Poppes;
Tryntgen Wiebes;
Tryntie Dircx;
Tryntie Henricx;
Tryntie Wybes;Trijntje Wybes
Tryntien Henricx;Trijntgen Henricxdr.
Tryntien Jans;Trijn Jansdr.
Tuentgen Huijberts;Teuntge Huijbertsdr.
Valentijn Falber;
Valtin Henricxss;
Volckert Sijbrantsz;
Volckgen Barents;Volckgen Barents
Vollckien Barents;Volckgen Barents
Vroutge Jans;
Vrouwtien Henricx;
Wabbetgen Jansdr.;Webbetgen Jansdr
Webbetgen Jans;Webbetgen Jansdr
Webbetgen Jansdr;Webbetgen Jansdr
Weijbrant Jansz;Wijbrant Jansz
Weijntge Claes;
Weijntgen Gerrits;
Weijntgen Jans;
Weijntgen WIjnants;
Wendel Jansz;
Wijbke Jans;
Wijbrand Janssz;Wijbrant Jansz
Wijbrandt Jansen;Wijbrant Jansz
Wijbrandt Janss;Wijbrant Jansz
Wijbrandt Janssz;Wijbrant Jansz
Wijbrandt Jansz;Wijbrant Jansz
Wijbrant Jans;Wijbrant Jansz
Wijbrant Janss;Wijbrant Jansz
Wijbrant Janssen;Wijbrant Jansz
Wijbrant Jansz;Wijbrant Jansz
Wilem Willemsz Janston;Willem Willemsz Janston
Wilhelmus van Londen;Wilhelmus van Londen
Will Dircsz;Willem Dircksz
Will. Dircss;Willem Dircksz
Willem Achslin;Willem Willemsz Aslingh
Willem Achsling;Willem Willemsz Aslingh
Willem Aldertss;Willem Aldertsz
Willem Aldertsz;Willem Aldertsz
Willem Aschelingh;Willem Willemsz Aslingh
Willem Aschem;Willem Willemsz Aslingh
Willem Asching;Willem Willemsz Aslingh
Willem Aschkin;Willem Willemsz Aslingh
Willem Aschlin;Willem Willemsz Aslingh
Willem Aschling;Willem Willemsz Aslingh
Willem Aschlingh;Willem Willemsz Aslingh
Willem Asling;Willem Willemsz Aslingh
Willem Aslingh;Willem Willemsz Aslingh
Willem Braedse;Willem Bretse
Willem Braets;Willem Bretse
Willem Bratse;Willem Bretse
Willem Brets;Willem Bretse
Willem Bretse;Willem Bretse
Willem Bretser;Willem Bretse
Willem Bretsie;Willem Bretse
Willem Bretsz;Willem Bretse
Willem Bruijn;Willem Bruijn
Willem Bruyn;Willem Bruijn
Willem Caskje;
Willem Clerck;Willem Clercq
Willem Clercq;Willem Clercq
Willem Clerq;Willem Clercq
Willem Cornelis de Bruijn;Willem Cornelisz de Bruijn
Willem Cornelisz de Bruijn;Willem Cornelisz de Bruijn
Willem Dirckss;Willem Dircksz
Willem Dirckssen;Willem Dircksz
Willem Dircksz;Willem Dircksz
Willem Dircss;Willem Dircksz
Willem Dircsz;Willem Dircksz
Willem Dircx;Willem Dircksz
Willem Dircxsz;Willem Dircksz
Willem Dirxsz;Willem Dircksz
Willem Gardijn;
Willem Gerrits;
Willem Hamelton;Willem Hamilton
Willem Hamilton;Willem Hamilton
Willem Harmens Wees;
Willem Hend;Willem Henricxsz
Willem Hend.;Willem Henricxsz
Willem Hendrickss;Willem Henrickxsz
Willem Hendricksz;Willem Henricxsz
Willem Hendrickxsz;Willem Henricxsz
Willem Hendricss;Willem Henrickxsz
Willem Hendricsz;Willem Henricxsz
Willem Hendricx;Willem Henricxsz
Willem Hendricx;Willem Henricxsz
Willem Hendricxen;Willem Henricxsz
Willem Hendricxs;Willem Henrickxsz
Willem Hendricxsz;Willem Henrickxsz
Willem Hendricxz;Willem Henricxsz
Willem Hendrixs;Willem Henricxsz
Willem Hendrixsz;Willem Henrickxsz
Willem Henrickss;Willem Henrickxsz
Willem Henrickssen;Willem Henricxsz
Willem Henricksz;Willem Henricxsz
Willem Henricksz;Willem Henricxsz
Willem Henrickxsz;Willem Henrickxsz
Willem Henricss;Willem Henrickxsz
Willem Henricsz;Willem Henricxsz
Willem Henricsz;Willem Henricxsz
Willem Henricxs;Willem Henrickxsz
Willem Henricxss;Willem Henrickxsz
Willem Henricxssz;Willem Henrickxsz
Willem Henricxsz;Willem Henrickxsz
Willem Henrixs;Willem Henrickxsz
Willem Hods;Willem Hots
Willem Hodts;Willem Hots
Willem Holts;Willem Hots
Willem Hoots;Willem Hots
Willem Hots;Willem Hots
Willem Hotts;Willem Hots
Willem Hutsin;
Willem Jacobs;Willem Jacobsz
Willem Jacobsz;Willem Jacobsz
Willem Janss Koning;
Willem Janston;Willem Willemsz Janston
Willem Jansz;
Willem Leendertss;
Willem Lourenss;
Willem Marten;Willem Martijn
Willem Martijn;Willem Martijn
Willem Pieters;Willem Pietersz
Willem Pietersz;Willem Pietersz
Willem Pouwelsz;
Willem Ramsen;
Willem Ras;
Willem Robbersz;Willem Robbertsz
Willem Robberts;Willem Robbertsz
Willem Robbertss;Willem Robbertsz
Willem Robbertsz;Willem Robbertsz
Willem Robbertsz Hambton;
Willem Ros;
Willem Seegers;
Willem Segertss;
Willem Storij;
Willem Sudderlandt;
Willem Thomass Wijsbeeck;
Willem van Sevenhoven;
Willem Watson;Willem Watson
Willem Watss;Willem Watson
Willem Watssz;Willem Watson
Willem Watsz;Willem Watson
Willem Watzon;Willem Watson
Willem Willem Aslingh;Willem Willemsz Aslingh
Willem Willems Aslingh;Willem Willemsz Aslingh
Willem Willems Janston;Willem Willemsz Janston
Willem Willems Jansz;Willem Willemsz Janston
Willem Willemsen Aslingh;Willem Willemsz Aslingh
Willem Willemss Asingh;Willem Willemsz Aslingh
Willem Willemss Asling;Willem Willemsz Aslingh
Willem Willemss Aslingh;Willem Willemsz Aslingh
Willem Willemss Jainston;Willem Willemsz Janston
Willem Willemss Janston;Willem Willemsz Janston
Willem Willemssen Aslingh;Willem Willemsz Aslingh
Willem Willemssen Janston;Willem Willemsz Janston
Willem Willemssz Asling;Willem Willemsz Aslingh
Willem Willemssz Aslingh;Willem Willemsz Aslingh
Willem Willemssz Janstien;Willem Willemsz Janston
Willem Willemssz Janston;Willem Willemsz Janston
Willem Willemsz;
Willem Willemsz Alsingh;Willem Willemsz Aslingh
Willem Willemsz Aschlin;Willem Willemsz Aslingh
Willem Willemsz Aslinch;Willem Willemsz Aslingh
Willem Willemsz Asling;Willem Willemsz Aslingh
Willem Willemsz Aslingh;Willem Willemsz Aslingh
Willem Willemsz Asslingh;Willem Willemsz Aslingh
Willem Willemsz Janst;Willem Willemsz Janston
Willem Willemsz Janstan;Willem Willemsz Janston
Willem Willemsz Jansten;Willem Willemsz Janston
Willem Willemsz Janstoen;Willem Willemsz Janston
Willem Willemsz Janston;Willem Willemsz Janston
Willempge Willems;
Willempgen Jans;
Willempgen Lingen;
Willempgen Lucas;
Willemtgen Pieters;
Wipke Roeloffs;
Wm. Aschlin;Willem Willemsz Aslingh
Wm. Hodts;Willem Hots
Wm. Hotts;Willem Hots
Wm. Robbertsz;Willem Robbertsz
Wolfert Dircxss;Wolfert Dircxsz
Wolffert Dircxssz;Wolfert Dircxsz
Wolphert Dircxss;Wolfert Dircxsz
Wudel Jansz;Wybrandt Jansz
Wybrandt Janss;Wybrandt Jansz
Wybrandt Janssz;Wybrandt Jansz
Wybrandt Jansz;Wybrandt Jansz
Wybrant Janss;Wybrandt Jansz
Wybrant Janssz;Wybrandt Jansz
Wybrant Jansz;Wybrandt Jansz
Wyburgh Henricks;
Wyggert Pietersz Vroom;
Ytge Harmensdr.;
Ytge Volckerts;
Ytgen Jans;
